id,pos_1,pos_2,pos_3,pos_4,pos_5,pos_6,pos_7,pos_8,pos_9,pos_10,pos_11,pos_13,pos_14,pos_15,pos_16,pos_18,pos_20,pos_21,pos_25,pos_27,pos_31,pos_34,pos_35,pos_36,pos_39,pos_43,pos_44,pos_47,pos_48,pos_50,pos_54,pos_56,pos_57,pos_60,pos_61,pos_65,pos_66,pos_67,pos_71,pos_75,pos_76,pos_80,pos_83,pos_85,pos_87,pos_88,pos_92,pos_93,pos_94,pos_97,pos_100,pos_102,pos_108,pos_109,pos_110,pos_114,pos_115,pos_118,pos_119,pos_120,pos_122,pos_125,pos_126,pos_129,pos_130,pos_136,pos_137,pos_138,pos_139,pos_140,pos_141,pos_142,pos_143,pos_144,pos_145,pos_146,pos_147,pos_150,pos_152,pos_153,pos_154,pos_160,pos_161,pos_162,pos_164,pos_165,pos_168,pos_169,pos_170,pos_171,pos_172,pos_174,pos_175,pos_183,pos_184,pos_188,pos_189,pos_191,pos_192,pos_193,pos_197,pos_198,pos_199,pos_201,pos_202,pos_204,pos_207,pos_209,pos_210,pos_211,pos_215,pos_216,pos_222,pos_224,pos_230,pos_231,pos_233,pos_234,pos_235,pos_236,pos_237,pos_238,pos_243,pos_247,pos_248,pos_249,pos_250,pos_251,pos_252,pos_253,pos_254,pos_255,pos_256,pos_257,pos_258,pos_259,pos_260,pos_261,pos_262,pos_263,pos_264,pos_265,pos_266,pos_267,pos_268,pos_269,pos_270,pos_271,pos_272,pos_273,pos_274,pos_275,pos_276,pos_277,pos_278,pos_279,pos_280,pos_281,pos_282,pos_283,pos_284,pos_285,pos_286
SHV-52,M,R,Y,I,R,L,C,I,I,S,L,A,A,L,P,A,H,A,P,E,Q,S,Q,L,R,I,E,L,A,G,T,W,R,E,R,I,S,T,V,A,V,V,G,E,L,E,H,Y,R,D,D,S,H,L,A,T,V,L,C,A,A,M,S,S,A,A,I,V,G,G,P,A,G,L,T,A,F,Q,G,D,N,R,W,E,E,L,A,L,P,G,D,R,D,A,A,K,L,T,S,Q,A,R,S,R,Q,L,M,D,D,R,P,L,P,G,K,T,A,G,E,R,G,A,A,P,N,N,K,A,E,R,I,V,V,I,Y,L,R,D,T,P,A,S,M,A,E,R,N,Q,Q,I,A,G,I,G,A,A,L,I,E,H,W,Q,R
SHV-24,M,R,Y,I,R,L,C,I,I,S,L,A,T,L,P,A,H,A,P,E,L,S,Q,L,R,I,E,L,A,G,T,W,R,E,R,M,S,T,V,A,V,V,G,E,L,E,H,Y,R,D,D,S,H,L,A,T,V,L,C,A,A,M,S,S,A,A,T,V,G,G,P,A,G,L,T,A,F,Q,G,D,N,R,W,E,E,L,A,L,P,G,D,R,G,A,A,K,L,T,S,Q,A,R,S,R,Q,L,M,D,D,R,P,L,P,G,K,T,A,G,E,R,G,A,A,P,N,N,K,A,E,R,I,V,V,I,Y,L,R,D,T,P,A,S,M,A,E,R,N,Q,Q,I,A,G,I,G,A,A,L,I,E,H,W,Q,R
SHV-41,M,R,Y,I,R,L,C,I,I,S,L,A,T,L,P,A,H,A,P,E,L,S,Q,L,R,I,E,L,A,G,T,W,R,E,R,M,S,T,V,A,V,V,G,E,L,E,H,Y,R,D,D,S,H,L,A,T,V,L,C,A,A,M,S,S,A,A,T,F,G,G,P,A,G,L,T,A,F,Q,G,D,N,R,W,E,E,L,A,L,P,G,D,R,D,A,A,K,L,T,S,Q,A,R,S,R,Q,L,M,D,D,R,P,L,P,G,K,T,A,G,E,R,G,A,A,P,N,N,K,A,E,R,I,V,V,I,Y,L,R,D,T,P,A,S,M,A,E,R,N,Q,Q,I,A,G,I,G,A,A,L,I,E,H,W,Q,R
SHV-42,M,R,Y,I,R,L,C,I,I,S,L,A,T,L,P,A,H,S,P,E,L,S,Q,L,R,I,E,L,A,G,T,W,R,E,R,M,S,T,V,A,V,V,G,E,L,E,H,Y,R,D,D,S,H,L,A,T,V,L,C,A,A,V,S,S,A,A,T,V,G,G,P,A,G,L,T,A,F,Q,G,D,N,R,W,E,E,L,A,L,P,G,D,R,D,A,A,K,L,T,S,Q,A,R,S,R,Q,L,M,D,D,R,P,L,P,G,K,T,A,G,E,R,G,A,A,P,N,N,K,A,E,R,I,V,V,I,Y,L,R,D,T,P,A,S,M,A,E,R,N,Q,Q,I,A,G,I,G,A,A,L,I,E,H,W,Q,R
SHV-18,M,R,Y,F,R,L,C,I,I,S,L,A,T,L,P,A,H,A,P,E,L,S,Q,L,S,I,E,L,A,G,T,W,R,E,R,M,S,T,V,A,V,V,G,E,L,E,H,Y,R,D,D,S,H,L,A,T,V,L,C,A,A,M,S,S,A,A,T,V,G,G,P,A,G,L,T,A,F,Q,G,D,N,R,W,E,E,L,A,L,P,G,D,R,D,A,A,K,L,T,S,Q,A,R,S,R,Q,L,M,D,D,R,P,L,P,G,K,T,A,A,K,R,G,A,A,P,N,N,K,A,E,R,I,V,V,I,Y,L,R,D,T,P,A,S,M,A,E,R,N,Q,Q,I,A,G,I,G,A,A,L,I,E,H,W,Q,R
SHV-79,M,R,Y,I,R,L,C,I,I,S,L,A,T,L,P,A,H,A,P,E,Q,S,Q,L,R,I,E,L,A,G,T,W,R,E,R,M,S,T,V,A,V,V,G,E,L,E,H,Y,R,D,D,S,H,L,A,T,V,L,C,A,A,M,S,S,A,A,T,V,G,G,P,A,G,L,T,A,F,Q,G,D,N,R,W,E,E,L,V,L,P,G,D,R,D,A,A,K,L,T,S,Q,A,R,S,R,Q,L,M,D,D,R,P,L,P,G,K,T,A,G,E,R,G,A,A,P,N,N,K,A,E,R,I,V,V,I,Y,L,R,D,T,P,A,S,M,A,E,R,N,Q,Q,I,A,G,I,G,A,A,L,I,E,H,W,Q,R
SHV-105,M,R,Y,F,R,L,C,I,I,S,L,A,T,L,P,A,H,A,P,E,L,S,Q,L,S,I,E,L,A,G,T,W,R,E,R,M,S,T,V,A,V,V,G,E,L,E,H,Y,R,D,D,S,H,L,A,T,V,L,C,A,A,M,S,S,A,A,T,V,G,G,P,A,G,L,T,A,F,Q,D,D,N,R,W,E,E,L,A,L,P,G,D,R,D,A,A,K,L,T,S,Q,A,R,S,R,Q,L,M,D,D,R,P,L,P,G,K,T,A,S,K,R,G,A,A,P,N,N,K,A,E,R,I,V,V,I,Y,L,R,D,T,P,A,S,M,A,E,R,N,Q,Q,I,A,G,I,G,A,A,L,I,E,H,W,Q,R
SHV-12,M,R,Y,I,R,L,C,I,I,S,L,A,T,L,P,A,H,A,P,E,Q,S,Q,L,R,I,E,L,A,G,T,W,R,E,R,M,S,T,V,A,V,V,G,E,L,E,H,Y,R,D,D,S,H,L,A,T,V,L,C,A,A,M,S,S,A,A,T,V,G,G,P,A,G,L,T,A,F,Q,G,D,N,R,W,E,E,L,A,L,P,G,D,R,D,A,A,K,L,T,S,Q,A,R,S,R,Q,L,M,D,D,R,P,L,P,G,K,T,A,S,K,R,G,A,A,P,N,N,K,A,E,R,I,V,V,I,Y,L,R,D,T,P,A,S,M,A,E,R,N,Q,Q,I,A,G,I,G,A,A,L,I,E,H,W,Q,R
SHV-64,M,R,Y,I,R,L,C,I,I,S,L,A,T,L,P,A,H,A,P,E,Q,S,Q,L,R,I,E,L,A,G,T,W,R,E,R,M,S,T,L,A,V,V,G,E,L,E,H,Y,R,D,D,S,H,L,A,T,V,L,C,A,A,M,S,S,A,A,T,V,G,G,P,A,G,L,T,A,F,Q,G,D,N,R,W,E,E,L,A,L,P,G,D,R,D,A,A,K,L,T,S,Q,A,R,S,R,Q,L,M,D,D,R,P,L,P,G,K,T,A,S,K,R,G,A,A,P,N,N,K,A,E,R,I,V,V,I,Y,L,R,D,T,P,A,S,M,A,E,R,N,Q,Q,I,A,G,I,G,A,A,L,I,E,H,W,Q,R
SHV-182,M,R,Y,I,R,L,C,I,I,S,L,A,T,L,P,A,H,A,P,E,Q,S,Q,L,R,I,E,L,A,G,T,W,R,E,R,M,S,T,V,A,V,V,G,E,L,E,H,Y,R,D,D,T,H,L,A,T,V,L,C,A,A,M,S,S,A,A,T,V,G,G,P,A,G,L,T,A,F,Q,G,D,N,R,W,E,E,L,A,L,P,G,D,R,D,A,A,K,L,T,S,Q,A,R,S,R,Q,L,M,D,D,R,P,L,P,G,K,T,A,G,E,R,G,A,A,P,N,N,K,A,E,R,I,V,V,I,Y,L,R,D,T,P,A,S,M,A,E,R,N,Q,Q,I,A,G,I,G,A,A,L,I,E,H,W,Q,R
SHV-92,M,R,Y,I,R,L,C,I,I,S,L,A,T,L,P,A,H,A,P,E,Q,S,Q,L,R,I,E,L,A,G,T,W,R,E,R,I,S,T,V,A,V,V,G,E,L,E,H,Y,R,D,D,S,H,L,A,T,V,L,C,A,A,M,S,S,A,A,I,V,G,G,P,A,G,L,T,A,F,Q,G,D,N,R,W,E,E,L,A,L,P,G,D,R,D,A,A,K,L,T,S,Q,A,R,S,R,Q,L,M,D,D,R,P,L,P,G,K,T,A,G,E,R,G,A,A,P,N,N,K,A,E,R,I,V,V,I,Y,L,R,D,T,P,A,S,M,A,E,R,N,Q,Q,I,A,G,I,G,A,A,L,I,E,H,W,Q,R
SHV-56,M,R,Y,I,R,L,C,I,I,S,L,A,T,L,P,A,H,A,P,E,Q,S,Q,L,R,I,E,L,A,G,T,W,R,E,R,M,S,T,V,A,V,V,G,E,L,E,H,Y,R,D,D,S,H,L,A,T,V,L,C,A,A,M,S,S,A,A,T,V,G,G,P,A,G,L,T,A,F,Q,G,D,N,R,W,E,E,L,A,L,P,G,D,R,D,A,A,K,L,T,S,Q,A,R,S,R,Q,L,M,D,D,R,P,L,P,G,R,T,A,G,E,R,G,A,A,P,N,N,K,A,E,R,I,V,V,I,Y,L,R,D,T,P,A,S,M,A,E,R,N,Q,Q,I,A,G,I,G,A,A,L,I,E,H,W,Q,R
SHV-89,M,R,Y,I,R,L,C,I,I,S,L,A,T,L,P,A,H,A,P,E,Q,S,Q,L,R,I,E,L,A,G,T,W,R,E,R,M,S,T,V,A,V,V,G,E,L,E,H,Y,R,D,D,S,H,L,A,T,V,L,C,A,A,V,S,S,A,A,T,V,G,G,P,A,G,L,T,A,F,Q,G,D,N,R,W,E,E,L,A,L,P,G,D,R,D,A,A,K,L,T,S,Q,A,R,S,R,Q,L,M,D,D,R,P,L,P,G,K,T,A,G,E,R,G,A,A,P,N,N,K,A,E,R,I,V,V,I,Y,L,R,D,T,P,A,S,M,A,E,R,N,Q,Q,I,A,G,I,G,A,A,L,I,E,H,W,Q,R
SHV-61,M,R,Y,I,R,R,C,I,I,S,L,A,T,L,P,A,H,A,P,E,Q,S,Q,L,R,I,E,L,A,G,T,W,R,E,R,M,S,T,V,A,V,V,G,E,L,E,H,Y,R,D,D,S,H,L,A,T,V,L,C,A,A,M,S,S,A,A,T,V,G,G,P,A,G,L,T,A,F,Q,G,D,N,R,W,E,E,L,A,L,P,G,D,R,D,A,A,K,L,T,S,Q,A,R,S,R,Q,L,M,D,D,R,P,L,P,G,K,T,A,G,E,R,G,A,A,P,N,N,K,A,E,R,I,V,V,I,Y,L,R,D,T,P,A,S,M,A,E,R,N,Q,Q,I,A,G,I,G,A,A,L,I,E,H,W,Q,R
SHV-101,M,R,Y,I,R,L,C,I,I,S,L,A,T,L,P,A,H,A,P,E,L,S,Q,L,R,I,E,L,A,G,T,W,R,E,R,M,S,T,V,A,V,V,G,E,L,E,H,Y,R,D,D,S,H,L,A,T,V,L,C,A,A,M,S,S,A,A,T,V,G,G,P,A,G,L,T,A,F,Q,G,D,N,R,W,E,E,L,A,L,P,G,D,R,D,A,A,K,L,T,S,Q,A,R,S,R,Q,L,M,D,G,R,P,L,P,G,K,T,A,G,E,R,G,A,A,P,N,N,K,A,E,R,I,V,V,I,Y,L,R,D,T,P,A,S,M,A,E,R,N,Q,Q,I,A,G,I,G,A,A,L,I,E,H,W,Q,R
SHV-35,M,R,Y,I,R,L,C,I,I,S,L,A,T,L,P,A,H,A,P,E,Q,S,Q,L,R,I,E,L,A,G,T,W,R,E,R,M,S,T,V,A,V,V,G,K,L,E,H,Y,R,D,D,S,H,L,A,T,V,L,C,A,A,M,S,S,A,A,T,V,G,G,P,A,G,L,T,A,F,Q,G,D,N,R,W,E,E,L,A,L,P,G,D,R,D,A,A,K,L,T,S,Q,A,R,S,R,Q,L,M,D,D,R,P,L,P,G,K,T,A,G,E,R,G,G,A,P,N,N,K,A,E,R,I,V,V,I,Y,L,R,D,T,P,A,S,M,A,E,R,N,Q,Q,I,A,G,I,G,A,A,L,I,E,H,W,Q,R
SHV-121,M,R,Y,I,R,L,C,I,I,S,L,A,A,L,P,V,H,A,P,E,Q,S,Q,L,R,I,E,L,A,G,T,W,R,E,R,M,S,T,V,A,V,V,G,E,L,E,H,Y,R,D,D,S,H,L,A,T,V,L,C,A,A,V,S,S,A,A,T,V,G,G,P,A,G,L,T,A,F,Q,G,D,N,R,W,E,E,L,A,L,P,G,D,R,D,A,A,K,L,T,S,Q,A,R,S,R,Q,L,M,D,D,R,P,L,P,G,K,T,A,G,E,R,G,A,A,P,N,N,K,A,E,R,I,V,V,I,Y,L,R,D,T,P,A,S,M,A,E,R,N,Q,Q,I,A,G,I,G,A,A,L,I,E,H,W,Q,R
SHV-137,M,R,Y,I,R,L,C,I,I,S,L,A,T,L,P,A,H,A,P,E,L,S,Q,L,R,I,E,L,A,G,T,W,R,E,R,M,S,T,V,A,V,V,G,E,L,E,H,Y,R,D,D,S,H,L,A,T,V,L,C,A,A,M,S,S,A,A,T,V,G,G,P,A,A,L,T,A,F,Q,G,D,N,R,W,E,E,L,A,L,P,G,D,R,D,A,A,K,L,T,S,Q,A,R,S,R,Q,L,M,D,D,R,P,L,P,G,K,T,A,G,E,R,G,A,A,P,H,N,K,A,E,R,I,V,V,I,Y,L,R,D,T,P,A,S,M,A,E,R,N,Q,Q,I,A,G,I,G,A,A,L,I,E,H,W,Q,R
SHV-152,M,R,Y,I,R,L,C,I,I,S,L,A,T,L,P,A,H,A,P,E,L,S,Q,L,R,I,E,L,A,G,T,R,R,E,R,M,S,T,V,A,V,V,G,E,L,E,H,Y,R,D,D,S,H,L,A,T,V,L,C,A,A,M,S,S,A,A,T,V,G,G,P,A,G,L,T,A,F,Q,G,D,N,R,W,E,E,L,A,L,P,G,D,R,D,A,A,K,L,T,S,Q,A,R,S,R,Q,L,M,D,D,R,P,L,P,G,K,T,A,S,E,R,G,A,A,P,N,N,K,A,E,R,I,V,V,I,Y,L,R,D,T,P,A,S,M,A,E,R,N,Q,Q,I,A,G,I,G,A,A,L,I,E,H,W,Q,R
SHV-164,M,R,Y,I,R,L,C,I,I,S,L,A,T,L,P,A,H,A,P,E,L,S,Q,L,R,I,E,L,A,G,T,W,R,E,R,M,S,T,V,A,V,V,G,E,L,E,H,Y,R,D,D,S,H,L,A,T,V,L,C,A,A,M,S,S,A,A,T,V,G,G,P,A,G,L,T,A,F,Q,G,D,N,R,W,E,E,L,A,L,P,G,D,R,D,A,A,K,L,T,S,Q,A,R,S,R,Q,L,M,D,D,R,P,L,P,G,K,T,A,G,E,Q,G,A,A,P,N,N,K,A,E,R,I,V,V,I,Y,L,R,D,T,P,A,S,M,A,E,R,N,Q,Q,I,A,G,I,G,A,A,L,I,E,H,W,Q,R
SHV-128,M,R,Y,I,R,L,C,I,I,S,L,A,T,L,P,A,H,A,P,E,Q,S,Q,L,R,I,E,L,A,G,T,W,R,E,R,M,S,T,V,A,V,V,G,E,L,E,H,Y,R,D,D,S,H,L,A,T,V,L,R,A,A,M,S,S,A,A,T,V,G,G,P,A,G,L,T,A,F,Q,G,D,N,R,W,E,E,L,A,L,P,G,D,R,D,A,A,K,L,T,S,Q,A,R,S,R,Q,L,M,D,D,R,P,L,P,G,K,T,A,S,K,R,G,A,A,P,N,N,K,A,E,R,I,V,V,I,Y,L,R,D,T,P,A,S,M,A,E,R,N,Q,Q,I,A,G,T,G,A,A,P,I,E,H,W,Q,R
SHV-162,M,R,Y,I,R,L,C,I,I,S,L,A,T,L,P,A,H,A,P,E,L,S,Q,L,S,V,E,L,A,G,T,W,R,E,R,M,S,T,V,A,V,V,G,E,L,E,H,Y,R,D,D,S,H,L,A,T,V,L,C,A,A,M,S,S,A,A,T,V,G,G,P,A,G,L,T,A,F,Q,G,D,N,R,W,E,E,L,A,L,P,G,D,R,D,A,A,K,L,T,S,Q,A,R,S,R,Q,L,M,D,D,R,P,L,P,G,K,T,A,S,E,R,G,A,A,P,N,N,K,A,E,R,I,V,V,I,Y,L,R,D,T,P,A,S,M,A,E,R,N,Q,Q,I,A,G,I,G,A,A,L,I,E,H,W,Q,R
SHV-180,M,R,Y,I,R,L,C,I,I,S,L,A,T,L,P,A,H,A,P,E,L,S,Q,L,H,I,E,L,A,G,T,W,R,E,R,M,S,T,V,A,V,V,G,E,L,E,H,Y,R,D,D,S,H,L,A,T,V,L,C,A,A,M,S,S,A,A,T,V,G,G,P,A,G,L,T,A,F,Q,G,D,N,R,W,E,E,L,A,L,P,G,D,R,D,T,A,K,L,T,S,Q,A,R,S,R,Q,L,M,D,D,R,P,L,P,G,K,T,A,G,E,R,G,A,A,P,N,N,K,A,E,R,I,V,V,I,Y,L,R,D,T,P,A,S,M,A,E,R,N,Q,Q,I,A,G,I,G,A,A,L,I,E,H,W,Q,R
SHV-32,M,R,Y,I,R,L,C,I,I,S,L,A,T,L,P,A,H,A,P,E,L,S,Q,L,R,I,E,L,A,G,T,W,R,E,R,M,S,T,V,A,V,V,G,E,L,E,H,Y,R,D,D,S,H,L,A,T,V,L,C,A,V,M,S,S,A,A,T,V,G,G,P,A,G,L,T,A,F,Q,D,D,N,R,W,E,E,L,A,L,P,G,D,R,D,A,A,K,L,T,S,Q,A,R,S,R,Q,L,M,D,D,R,P,L,P,G,K,T,A,G,E,R,G,A,A,P,N,N,K,A,E,R,I,V,V,I,Y,L,R,D,T,P,A,S,M,A,E,R,N,Q,Q,I,A,G,I,G,A,A,L,I,E,H,W,Q,R
SHV-78,M,R,Y,I,R,L,C,I,I,S,L,A,T,L,P,A,H,A,P,E,L,S,Q,L,R,I,E,L,A,S,T,W,R,E,R,M,S,T,V,A,V,V,G,E,L,E,H,Y,R,D,D,S,H,L,A,T,V,L,C,A,A,M,S,S,A,A,T,V,G,G,P,A,G,L,T,A,F,Q,G,D,N,R,W,E,E,L,A,L,P,G,D,R,D,A,A,K,L,T,S,Q,A,R,S,R,Q,L,M,D,D,R,P,L,P,G,K,T,A,G,E,R,G,A,A,P,N,N,K,A,E,R,I,V,V,I,Y,L,R,D,T,P,A,S,M,A,E,R,N,Q,Q,I,A,G,I,G,A,A,L,I,E,H,W,Q,R
SHV-188,K,R,Y,I,R,L,C,I,I,S,L,A,T,L,P,A,H,A,P,E,L,S,Q,L,R,I,E,L,A,G,T,W,R,E,R,M,S,T,V,A,V,V,G,E,L,E,H,Y,R,D,D,S,H,L,A,T,V,L,C,A,A,M,S,S,A,A,T,V,G,G,P,A,G,L,T,A,F,Q,G,D,N,R,W,E,E,L,A,L,P,G,D,R,D,A,A,K,L,T,S,Q,A,R,S,R,Q,L,M,D,D,R,P,L,P,G,K,T,A,G,E,R,G,A,A,P,N,N,K,A,E,R,I,V,V,I,Y,L,R,D,T,P,A,S,M,A,E,R,N,Q,Q,I,A,G,I,G,A,A,L,I,E,H,W,Q,R
SHV-6,M,R,Y,I,R,L,C,I,I,S,L,A,T,L,P,A,H,A,P,E,L,S,Q,L,R,I,E,L,A,G,T,W,R,E,R,M,S,T,V,A,V,V,G,E,L,E,H,Y,R,D,D,S,H,L,A,T,V,L,C,A,A,M,S,S,A,A,T,V,G,G,P,A,G,L,T,A,F,Q,G,D,N,R,W,E,E,L,A,L,P,G,D,R,A,A,A,K,L,T,S,Q,A,R,S,R,Q,L,M,D,D,R,P,L,P,G,K,T,A,G,E,R,G,A,A,P,N,N,K,A,E,R,I,V,V,I,Y,L,R,D,T,P,A,S,M,A,E,R,N,Q,Q,I,A,G,I,G,A,A,L,I,E,H,W,Q,R
SHV-15,M,R,Y,I,R,L,C,I,I,S,L,A,T,L,P,A,H,A,P,E,Q,S,Q,L,R,I,E,L,A,G,T,W,R,E,R,M,S,T,V,A,M,V,G,K,L,E,H,Y,R,D,D,S,H,L,A,T,V,L,C,A,A,M,S,S,A,A,T,V,G,G,P,A,G,L,T,A,F,Q,G,D,N,R,W,E,E,L,A,L,P,G,D,R,D,A,A,K,L,T,S,Q,A,R,S,R,Q,L,M,D,D,R,P,L,P,G,K,T,A,S,K,R,G,A,A,P,N,N,K,A,E,R,I,V,V,I,Y,L,R,D,T,P,A,S,M,A,E,R,N,Q,Q,I,A,G,I,G,A,A,L,I,E,H,W,Q,R
SHV-8,M,R,Y,I,R,L,C,I,I,S,L,A,T,L,P,A,H,A,P,E,L,S,Q,L,R,I,E,L,A,G,T,W,R,E,R,M,S,T,V,A,V,V,G,E,L,E,H,Y,R,D,D,S,H,L,A,T,V,L,C,A,A,M,S,S,A,A,T,V,G,G,P,A,G,L,T,A,F,Q,G,D,N,R,W,E,E,L,A,L,P,G,D,R,N,A,A,K,L,T,S,Q,A,R,S,R,Q,L,M,D,D,R,P,L,P,G,K,T,A,G,E,R,G,A,A,P,N,N,K,A,E,R,I,V,V,I,Y,L,R,D,T,P,A,S,M,A,E,R,N,Q,Q,I,A,G,I,G,A,A,L,I,E,H,W,Q,R
SHV-21,-,-,-,-,-,-,-,-,-,-,M,A,T,L,P,A,H,A,P,E,L,S,Q,L,R,I,E,L,A,G,T,W,R,E,R,M,S,T,V,A,V,V,G,E,L,E,H,Y,R,D,D,S,H,L,A,T,V,F,C,A,A,M,S,S,A,A,T,V,G,G,P,A,G,L,T,A,F,Q,G,D,N,R,W,E,E,L,A,F,P,G,D,R,D,A,A,K,L,T,S,Q,A,R,S,R,Q,L,M,D,D,R,P,L,P,G,K,T,A,S,E,R,G,A,A,P,N,N,K,A,E,R,I,V,V,I,Y,L,R,D,T,P,A,S,M,A,E,R,N,-,-,-,-,-,-,-,-,-,-,-,-,-,-,-,-
SHV-36,M,R,Y,V,R,L,C,I,I,S,L,A,T,L,P,A,H,A,P,E,Q,S,Q,L,R,I,E,L,A,G,T,W,R,E,R,M,S,T,V,A,V,V,G,E,L,E,H,Y,R,D,D,S,H,L,A,T,V,L,C,A,A,M,S,S,A,A,T,V,G,G,P,A,G,L,T,A,F,Q,G,D,N,R,W,E,E,L,A,L,P,G,D,R,D,A,A,K,L,T,S,Q,A,R,S,R,Q,L,M,D,D,R,P,L,P,G,K,T,A,G,E,R,G,A,A,P,N,N,K,A,E,R,I,V,V,I,Y,L,R,D,T,P,A,S,M,A,E,R,N,Q,Q,I,A,G,I,G,A,A,L,I,E,H,W,Q,R
SHV-69,M,R,Y,I,R,L,C,I,I,S,L,A,T,L,P,A,H,A,P,E,Q,S,Q,L,R,I,E,L,A,G,T,W,R,E,R,M,S,T,V,A,V,V,G,E,L,E,H,Y,R,D,D,S,H,L,T,T,V,L,C,A,A,M,S,S,A,A,T,V,G,G,P,A,G,L,T,A,F,Q,G,D,N,R,W,E,E,L,A,L,P,G,D,R,D,A,A,K,L,T,S,Q,A,R,S,R,Q,L,M,D,D,R,P,L,P,G,K,T,A,G,E,R,G,A,A,P,N,N,K,A,E,R,I,V,V,I,Y,L,R,D,T,P,A,S,M,A,E,R,N,Q,Q,I,A,G,I,G,A,A,L,I,E,H,W,Q,R
SHV-83,K,R,Y,I,R,L,C,I,I,S,L,A,T,L,P,A,H,A,P,E,L,S,Q,L,R,I,E,L,A,G,T,W,R,E,R,M,S,T,V,A,V,V,G,E,L,E,H,Y,R,D,D,S,H,L,A,T,V,L,C,A,A,M,S,S,A,A,T,V,G,G,P,A,G,L,T,A,F,Q,G,D,N,R,W,E,E,L,A,L,P,G,D,R,D,A,A,K,L,T,S,Q,A,R,S,R,Q,L,M,D,D,R,P,L,P,G,K,T,A,G,E,R,G,A,A,P,N,N,K,A,E,R,I,V,V,I,Y,L,R,D,T,P,A,S,M,A,E,R,N,Q,Q,I,A,G,I,G,A,A,L,I,E,H,W,Q,R
SHV-67,M,R,Y,I,R,L,C,I,I,S,L,A,T,L,P,A,H,A,P,E,Q,S,Q,L,R,I,E,L,A,G,T,W,C,E,R,M,S,T,V,A,V,V,G,E,L,E,H,Y,R,D,D,S,H,L,A,T,V,L,C,A,A,M,S,S,A,A,T,V,G,G,P,A,G,L,T,A,F,Q,G,D,N,R,W,E,E,L,A,L,P,G,D,R,D,A,A,K,L,T,S,Q,A,R,S,R,Q,L,M,D,D,R,P,L,P,G,K,T,A,G,E,R,G,A,A,P,N,N,K,A,E,R,I,V,V,I,Y,L,R,D,T,P,A,S,M,A,E,R,N,Q,Q,I,A,G,I,G,A,A,L,I,E,H,W,Q,R
SHV-133,M,R,Y,I,R,L,C,I,I,S,L,A,T,L,P,A,H,A,P,E,L,S,Q,L,R,I,E,L,A,G,T,W,R,E,R,M,S,T,V,A,V,V,G,E,L,E,H,Y,R,D,D,S,H,L,A,T,V,L,C,A,A,M,S,S,A,A,T,V,G,G,P,A,G,L,T,A,F,Q,G,D,N,R,W,E,E,L,A,L,P,G,D,R,D,A,A,K,L,T,S,Q,A,R,S,R,Q,L,M,D,D,G,P,L,P,G,K,T,A,G,E,R,G,A,A,P,N,N,K,A,E,R,I,V,V,I,Y,L,R,D,T,P,A,S,M,A,E,R,N,Q,Q,I,A,G,I,G,A,A,L,I,E,H,W,Q,R
SHV-49,M,R,Y,I,R,L,C,I,I,S,L,A,T,L,P,A,H,A,P,E,L,S,Q,L,R,I,E,L,A,G,T,W,R,E,R,I,S,T,V,A,V,V,G,E,L,E,H,Y,R,D,D,S,H,L,A,T,V,L,C,A,A,M,S,S,A,A,T,V,G,G,P,A,G,L,T,A,F,Q,G,D,N,R,W,E,E,L,A,L,P,G,D,R,D,A,A,K,L,T,S,Q,A,R,S,R,Q,L,M,D,D,R,P,L,P,G,K,T,A,G,E,R,G,A,A,P,N,N,K,A,E,R,I,V,V,I,Y,L,R,D,T,P,A,S,M,A,E,R,N,Q,Q,I,A,G,I,G,A,A,L,I,E,H,W,Q,R
SHV-156,M,R,Y,I,R,L,C,I,I,S,L,A,T,L,P,A,H,A,P,E,Q,S,Q,L,R,I,E,L,A,G,T,W,R,E,R,M,S,T,V,A,V,V,G,E,P,E,H,Y,R,D,D,S,H,L,A,T,V,L,C,A,A,M,S,S,A,A,T,V,G,G,P,A,G,L,T,T,F,Q,G,D,N,R,W,E,E,L,A,L,P,G,D,R,D,A,A,K,L,T,S,Q,A,R,S,R,Q,L,M,D,D,R,P,L,P,G,K,T,A,G,E,R,G,A,A,P,N,N,K,A,E,R,I,V,V,I,Y,L,R,D,T,P,A,S,M,A,E,R,N,Q,Q,I,A,G,I,G,A,A,L,I,E,H,W,Q,R
SHV-38,M,R,Y,I,R,L,C,I,I,S,L,A,T,L,P,A,H,A,P,E,L,S,Q,L,R,I,E,L,A,G,T,W,R,E,R,M,S,T,V,A,V,V,G,E,L,E,H,Y,R,D,D,S,H,L,A,T,V,L,C,A,A,M,S,S,A,A,T,V,G,G,P,V,G,L,T,A,F,Q,G,D,N,R,W,E,E,L,A,L,P,G,D,R,D,A,A,K,L,T,S,Q,A,R,S,R,Q,L,M,D,D,R,P,L,P,G,K,T,A,G,E,R,G,A,A,P,N,N,K,A,E,R,I,V,V,I,Y,L,R,D,T,P,A,S,M,A,E,R,N,Q,Q,I,A,G,I,G,A,A,L,I,E,H,W,Q,R
SHV-185,M,R,Y,I,R,L,C,I,I,S,L,A,T,L,P,A,H,A,P,E,L,S,Q,L,R,I,E,L,A,G,T,W,R,E,R,M,S,T,V,A,V,V,G,E,L,E,H,Y,R,D,D,S,H,L,A,T,V,L,C,A,A,M,S,S,A,A,T,V,G,G,P,A,G,L,T,A,F,Q,G,D,N,R,W,E,E,L,A,L,P,G,D,R,D,A,A,K,L,T,S,Q,A,R,S,R,Q,L,M,D,D,R,P,L,P,G,K,T,A,G,E,R,G,A,A,P,N,N,K,A,E,R,I,V,M,I,Y,L,R,D,T,P,A,S,M,A,E,R,N,Q,Q,I,A,G,I,G,A,A,L,I,E,H,W,Q,R
SHV-9,M,R,Y,I,R,L,C,I,I,S,L,A,T,L,P,A,H,A,P,E,L,S,Q,L,R,I,E,L,A,-,T,W,R,E,R,M,S,T,V,A,V,V,G,E,L,E,H,Y,R,D,D,S,H,L,A,T,V,L,C,A,A,M,S,S,A,R,T,V,G,G,P,A,G,L,T,A,F,Q,G,D,N,R,W,E,E,L,A,L,P,G,D,R,D,A,A,N,V,T,S,Q,A,R,S,R,Q,L,M,D,D,R,P,L,P,G,K,T,A,S,K,R,G,A,A,P,N,N,K,A,E,R,I,V,V,I,Y,L,R,D,T,P,A,S,M,A,E,R,N,Q,Q,I,A,G,I,G,A,A,L,I,E,H,W,Q,R
SHV-82,M,R,Y,V,R,L,C,I,I,S,L,A,T,L,P,A,H,T,P,E,Q,S,Q,L,R,I,E,L,A,G,T,W,R,E,R,M,S,T,V,A,V,V,G,E,L,E,H,Y,R,D,D,S,H,L,A,T,V,L,C,A,A,M,S,S,A,A,T,V,G,G,P,A,G,L,T,A,F,Q,G,D,N,R,W,E,E,L,A,L,P,G,D,R,D,A,A,K,L,T,S,Q,A,R,S,R,Q,L,M,D,D,R,P,L,P,G,K,T,A,G,E,R,G,A,A,P,N,N,K,A,E,R,I,V,V,I,Y,L,R,D,T,P,A,S,M,A,E,R,N,Q,Q,I,A,G,I,G,A,A,L,I,E,H,W,Q,R
SHV-11,M,R,Y,I,R,L,C,I,I,S,L,A,T,L,P,A,H,A,P,E,Q,S,Q,L,R,I,E,L,A,G,T,W,R,E,R,M,S,T,V,A,V,V,G,E,L,E,H,Y,R,D,D,S,H,L,A,T,V,L,C,A,A,M,S,S,A,A,T,V,G,G,P,A,G,L,T,A,F,Q,G,D,N,R,W,E,E,L,A,L,P,G,D,R,D,A,A,K,L,T,S,Q,A,R,S,R,Q,L,M,D,D,R,P,L,P,G,K,T,A,G,E,R,G,A,A,P,N,N,K,A,E,R,I,V,V,I,Y,L,R,D,T,P,A,S,M,A,E,R,N,Q,Q,I,A,G,I,G,A,A,L,I,E,H,W,Q,R
SHV-100,M,R,F,I,R,L,C,I,I,S,L,A,T,L,P,A,H,A,P,E,L,S,Q,L,R,I,E,L,A,G,T,W,R,E,R,M,S,T,V,A,V,V,G,E,L,E,H,Y,R,D,D,S,H,L,A,T,V,L,C,A,A,M,S,S,A,A,T,V,G,G,P,A,G,L,T,A,F,Q,G,D,N,R,W,E,E,L,A,L,P,G,D,R,D,A,A,K,L,T,S,Q,A,R,S,R,Q,L,M,D,D,R,P,L,P,G,K,T,A,G,E,R,G,A,A,P,N,N,K,A,E,R,I,V,V,I,Y,L,R,D,T,P,A,S,M,A,E,R,N,Q,Q,I,A,G,I,G,A,A,L,I,E,H,W,Q,R
SHV-75,M,R,Y,I,R,L,C,I,I,S,L,A,T,L,P,A,H,A,P,E,L,S,Q,L,R,I,E,L,A,G,T,W,R,E,R,M,S,T,V,A,V,V,G,E,L,E,H,Y,R,D,D,S,H,L,A,T,V,L,C,A,A,M,S,S,A,A,T,V,G,G,P,A,G,L,T,A,F,Q,G,D,N,R,W,E,E,L,A,L,P,G,D,R,D,A,A,K,L,T,S,Q,A,R,S,R,Q,L,M,D,D,R,P,L,P,G,K,T,A,G,E,R,G,A,A,P,H,N,K,A,E,R,I,V,V,I,Y,L,R,D,T,P,A,S,M,A,E,R,N,Q,Q,I,A,G,I,G,A,A,L,I,E,H,W,Q,R
SHV-153,M,R,Y,I,R,L,C,I,I,S,L,A,T,L,P,A,H,A,P,E,L,S,Q,L,R,I,E,L,A,G,T,W,R,E,R,M,S,T,V,A,V,V,G,E,L,E,H,Y,R,D,D,S,H,L,A,T,V,L,C,A,A,M,S,S,A,A,T,V,G,G,P,A,G,L,T,A,F,Q,G,D,N,R,W,E,E,L,A,L,P,G,D,R,D,A,A,K,L,T,S,Q,A,R,S,R,Q,L,M,D,D,R,P,L,P,G,K,T,A,S,E,R,G,A,A,P,N,N,K,A,E,R,I,V,V,I,Y,L,R,D,T,P,A,S,M,V,E,R,N,Q,Q,I,A,G,I,G,A,A,L,I,E,H,W,Q,R
SHV-30,M,R,Y,F,R,L,C,I,I,S,L,A,T,L,P,A,H,A,P,E,L,S,Q,L,S,I,E,L,A,G,T,W,R,E,R,M,S,T,V,A,V,V,G,E,L,E,H,Y,R,D,D,S,H,L,A,T,V,L,C,A,A,M,S,S,A,A,T,V,G,G,P,A,G,L,T,A,F,Q,G,D,N,R,W,E,E,L,A,L,P,G,D,R,D,A,A,K,L,T,S,Q,A,R,S,R,Q,L,M,D,D,R,P,L,P,G,K,T,A,S,E,R,G,A,A,P,N,N,K,A,E,R,I,V,V,I,Y,L,R,D,T,P,A,S,M,A,E,R,N,Q,Q,I,A,G,I,G,A,A,L,I,E,H,W,Q,R
SHV-142,M,R,Y,I,R,L,C,I,I,S,L,A,A,L,P,A,H,A,P,E,Q,S,Q,L,R,I,E,L,A,G,T,W,R,E,R,M,S,T,V,A,V,V,G,E,L,E,H,Y,R,D,D,S,H,L,A,T,V,L,C,A,A,M,S,S,A,A,T,V,G,G,P,A,G,L,T,A,F,Q,G,D,N,R,W,E,E,L,A,L,P,G,D,R,D,A,A,K,L,T,S,Q,A,R,S,R,Q,L,M,D,D,R,P,L,P,G,K,T,A,G,E,R,G,A,A,P,N,N,K,A,E,R,I,V,V,I,Y,L,R,D,T,P,A,S,M,A,E,R,N,Q,Q,I,A,G,I,G,A,A,L,I,E,H,W,Q,R
SHV-108,M,R,Y,I,R,L,C,I,I,S,L,A,T,L,P,A,H,A,P,E,Q,S,Q,L,R,I,E,L,A,G,T,W,R,E,R,M,S,T,V,A,V,V,G,E,L,E,H,Y,R,D,D,S,H,L,A,T,V,L,C,A,A,M,S,S,A,A,I,V,G,G,P,A,G,L,T,A,F,Q,G,D,N,R,W,E,E,L,A,L,P,G,D,R,D,A,A,K,L,T,S,Q,A,R,S,R,Q,L,M,D,D,R,P,L,P,G,K,T,A,G,E,R,G,A,A,P,N,N,K,A,E,R,I,V,V,I,Y,L,R,D,T,P,A,S,M,A,E,R,N,Q,Q,I,A,G,I,G,A,A,L,I,E,H,W,Q,R
SHV-37,M,R,Y,I,R,L,C,I,I,S,L,A,A,L,P,A,H,A,P,E,Q,S,Q,L,R,I,E,L,A,G,T,W,R,E,R,M,S,T,V,A,V,V,G,E,L,E,H,Y,R,D,D,S,H,L,A,T,V,L,C,A,A,V,S,S,A,A,T,V,G,G,P,A,G,L,T,A,F,Q,G,D,N,R,W,E,E,L,A,L,P,G,D,R,D,A,A,K,L,T,S,Q,A,R,S,R,Q,L,M,D,D,R,P,L,P,G,K,T,A,G,E,R,G,A,A,P,N,N,K,A,E,R,I,V,V,I,Y,L,R,D,T,P,A,S,M,A,E,R,N,Q,H,I,A,G,I,G,A,A,L,I,E,H,W,Q,R
SHV-129,M,R,Y,I,R,L,C,I,I,S,L,A,T,L,P,A,H,A,P,E,Q,S,Q,L,R,I,E,L,A,G,T,W,R,E,R,M,S,T,V,A,V,V,G,E,L,E,H,Y,R,D,D,S,H,L,A,T,V,L,C,A,A,M,S,S,A,A,T,V,G,G,P,A,G,L,T,A,F,Q,G,D,N,R,W,E,E,L,A,L,P,G,D,R,D,A,A,K,L,T,S,Q,A,R,S,R,Q,L,M,D,D,R,P,L,P,G,K,T,A,S,K,R,G,A,A,P,N,N,K,A,E,R,I,V,V,I,Y,L,R,D,T,P,A,S,M,A,E,L,D,Q,Q,I,A,G,I,G,A,A,L,I,E,H,W,Q,R
SHV-62,M,R,Y,I,R,L,C,I,I,S,L,A,T,L,P,A,H,A,P,E,Q,S,Q,L,R,I,E,L,A,G,T,W,R,E,R,M,S,T,V,A,V,V,G,E,L,E,H,Y,R,D,D,S,Y,L,A,T,V,L,C,A,A,M,S,S,A,A,T,V,G,G,P,A,G,L,T,A,F,Q,G,D,N,R,W,E,E,L,A,L,P,G,D,R,D,A,A,K,L,T,S,Q,A,R,S,R,Q,L,M,D,D,R,P,L,P,G,K,T,A,G,E,R,G,A,A,P,N,N,K,A,E,R,I,V,V,I,Y,L,R,D,T,P,A,S,M,A,E,R,N,Q,Q,I,A,G,I,G,A,A,L,I,E,H,W,Q,R
SHV-72,M,R,Y,F,R,L,C,I,I,S,L,A,T,L,P,A,H,A,P,E,L,S,Q,L,R,I,E,L,A,G,T,W,R,E,R,M,S,T,V,A,V,V,G,E,L,E,H,Y,R,D,D,S,H,L,A,T,V,L,C,A,A,M,S,S,A,A,T,V,G,G,P,V,G,L,T,A,F,Q,G,D,N,R,W,E,E,L,A,L,P,G,D,R,D,A,A,K,L,T,S,Q,A,R,S,R,Q,L,M,D,D,R,P,L,P,G,R,T,A,G,E,R,G,A,A,P,N,N,K,A,E,R,I,V,V,I,Y,L,R,D,T,P,A,S,M,A,E,R,N,Q,Q,I,A,G,I,G,A,A,L,I,E,H,W,Q,R
SHV-97,M,R,Y,I,R,L,C,I,I,S,L,A,T,L,P,A,H,A,P,E,L,S,Q,L,R,I,E,L,A,G,T,W,R,E,R,M,S,T,V,A,V,V,G,E,L,E,H,Y,R,D,D,S,H,L,A,T,V,L,C,A,A,M,S,S,A,A,T,V,G,G,P,A,G,L,T,A,F,Q,G,D,N,R,W,E,E,L,A,L,P,G,D,R,D,A,A,K,L,T,S,Q,A,R,S,R,Q,L,M,D,D,R,P,L,P,G,K,T,A,G,K,R,G,A,A,P,N,N,K,A,E,R,I,V,V,I,Y,L,R,D,S,P,A,S,M,A,E,R,N,Q,Q,I,A,G,I,G,A,A,L,I,E,H,W,Q,R
SHV-172,M,R,Y,I,R,L,C,I,I,S,L,A,T,L,P,A,H,A,P,E,Q,S,Q,L,R,I,E,L,A,G,T,W,R,E,R,M,S,T,V,A,V,V,G,E,L,E,H,Y,R,D,D,S,H,L,A,T,V,L,C,A,A,M,S,S,A,A,T,V,G,G,P,A,G,L,T,A,F,Q,G,D,N,R,W,E,E,L,A,L,P,G,D,R,D,A,A,K,L,T,S,Q,A,R,S,R,Q,L,M,D,D,R,P,L,P,G,K,T,A,G,E,R,G,A,A,P,N,N,K,A,D,R,I,V,V,I,Y,L,R,D,T,P,A,S,M,A,E,R,N,Q,Q,I,A,G,I,G,A,A,L,I,E,H,W,Q,R
SHV-102,M,R,Y,I,R,L,C,I,I,S,L,A,T,L,P,A,H,A,P,E,L,S,Q,L,R,I,E,L,A,G,T,W,R,E,R,M,S,T,V,A,V,V,G,E,L,E,H,Y,R,D,D,S,H,L,A,T,V,L,C,A,A,M,S,S,A,A,T,V,G,G,P,A,G,L,T,A,F,Q,G,D,N,R,W,E,E,L,A,L,P,G,D,R,D,A,A,K,L,T,S,Q,A,R,S,R,Q,L,M,D,D,R,P,L,P,G,K,T,A,A,E,R,G,A,A,P,N,N,K,A,E,R,I,V,V,I,Y,L,R,D,T,P,A,S,M,A,E,R,N,Q,Q,I,A,G,I,G,A,A,L,I,E,H,W,Q,R
SHV-43,M,R,Y,I,R,L,C,I,I,S,L,A,T,L,P,A,H,A,P,E,L,S,Q,L,R,I,E,L,A,G,T,W,R,E,R,M,S,T,V,A,V,V,G,E,L,E,H,Y,R,D,D,S,H,F,A,T,V,L,C,A,A,M,S,S,A,A,T,V,G,G,P,A,G,L,S,A,F,Q,G,D,N,R,W,E,E,L,A,L,P,G,D,R,D,A,A,K,L,T,S,Q,A,R,S,R,Q,L,M,D,D,R,P,L,P,G,K,T,A,G,E,R,G,A,A,P,N,N,K,A,E,R,I,V,V,I,Y,L,R,D,T,P,A,S,M,A,E,R,N,Q,Q,I,A,G,I,G,A,A,L,I,E,H,W,Q,R
SHV-57,M,R,Y,I,R,L,C,I,I,S,L,A,T,L,P,A,H,A,P,E,L,S,Q,L,R,I,E,L,A,G,T,W,R,E,R,M,S,T,V,A,V,V,G,E,L,E,H,Y,R,D,D,S,H,L,A,T,V,L,C,A,A,M,S,S,A,A,T,V,G,G,P,A,G,L,T,A,F,Q,G,D,N,R,W,E,E,R,A,L,P,G,D,R,D,A,A,K,L,T,S,Q,A,R,S,R,Q,L,M,D,D,R,P,L,P,G,K,T,A,G,E,R,G,A,A,P,N,N,K,A,E,R,I,V,V,I,Y,L,R,D,T,P,A,S,M,A,E,R,N,Q,Q,I,A,G,I,G,A,A,L,I,E,H,W,Q,R
SHV-46,M,R,Y,I,R,L,C,I,I,S,L,A,T,L,P,A,H,A,P,E,L,S,Q,L,R,I,E,L,A,G,T,W,R,E,R,M,S,T,V,A,V,V,G,E,L,E,H,Y,R,D,D,S,H,L,A,T,V,L,C,A,A,M,S,S,A,A,T,V,G,G,P,A,G,L,T,A,F,Q,G,D,N,R,W,E,E,L,A,L,P,G,D,R,D,A,A,K,L,N,S,Q,A,R,S,R,Q,L,M,D,D,R,P,L,P,G,K,T,A,S,K,R,G,A,A,P,N,N,K,A,E,R,I,V,V,I,Y,L,R,D,T,P,A,S,M,A,E,R,N,Q,Q,I,A,G,I,G,A,A,L,I,E,H,W,Q,R
SHV-14,M,R,Y,F,R,L,C,I,I,S,L,A,T,L,P,A,H,A,P,E,L,S,Q,L,S,I,E,L,A,G,T,W,R,E,R,M,S,T,V,A,V,V,G,E,L,E,H,Y,R,D,D,S,H,L,A,T,V,L,C,A,A,M,S,S,A,A,T,V,G,G,P,A,G,L,T,A,F,Q,G,D,N,R,W,E,E,L,A,L,P,G,D,R,D,A,A,K,L,T,S,Q,A,R,S,R,Q,L,M,D,D,R,P,L,P,G,K,T,A,G,E,R,G,A,A,P,N,N,K,A,E,R,I,V,V,I,Y,L,R,D,T,P,A,S,M,A,E,R,N,Q,Q,I,A,G,I,G,A,A,L,I,E,H,W,Q,R
SHV-150,M,R,Y,I,R,L,C,I,I,S,L,A,T,L,P,A,H,A,P,E,L,S,Q,L,R,I,E,L,A,G,T,W,R,E,R,M,S,T,V,A,V,V,G,E,L,E,H,Y,R,D,D,S,H,L,A,T,V,L,C,A,A,M,S,S,A,A,T,V,G,G,P,A,G,L,T,A,F,Q,G,D,N,R,W,E,E,L,A,L,P,G,D,R,D,A,A,K,L,T,S,Q,A,R,S,R,Q,L,M,D,D,R,P,L,P,G,K,T,A,G,E,R,G,A,V,P,N,N,K,A,E,R,I,V,V,I,Y,L,R,D,T,P,A,S,M,A,E,R,N,Q,Q,I,A,G,I,G,A,A,L,I,E,H,W,Q,R
SHV-141,M,R,Y,I,R,L,C,I,I,S,L,A,T,L,P,A,H,A,P,E,L,S,Q,L,S,I,E,L,A,G,T,W,R,E,R,M,S,T,V,A,V,V,G,E,L,E,H,Y,R,D,D,S,H,L,A,T,V,L,C,A,A,M,S,S,A,A,T,V,G,G,P,A,G,L,T,A,F,Q,G,D,N,R,W,E,E,L,A,L,P,G,D,R,D,A,A,K,L,T,S,Q,A,R,S,R,Q,L,M,D,D,R,P,L,P,G,K,T,A,S,E,R,G,A,A,P,N,N,K,A,E,R,I,V,V,I,Y,L,R,D,T,P,A,S,M,A,E,R,N,Q,Q,I,A,G,I,G,A,A,L,I,E,H,W,Q,R
SHV-20,-,-,-,-,-,-,-,-,-,-,M,A,T,L,P,A,H,A,P,E,L,S,Q,L,R,I,E,L,A,G,T,W,R,E,R,M,S,T,V,A,V,V,G,E,L,E,H,Y,R,D,D,S,H,L,A,T,V,L,C,A,A,M,S,S,A,A,T,V,G,G,P,A,G,L,T,A,F,Q,G,D,N,R,W,E,E,L,A,F,P,G,D,R,D,A,A,K,L,T,S,Q,A,R,S,R,Q,L,M,D,D,R,P,L,P,G,K,T,A,S,E,R,G,A,A,P,N,N,K,A,E,R,I,V,V,I,Y,L,R,D,T,P,A,S,M,A,E,R,N,-,-,-,-,-,-,-,-,-,-,-,-,-,-,-,-
SHV-157,M,R,Y,I,R,L,C,I,I,S,L,A,T,L,P,A,H,A,P,E,Q,S,Q,L,R,I,E,L,A,G,T,W,R,E,R,M,S,T,M,A,V,V,G,E,L,E,H,Y,R,D,D,S,H,L,A,T,V,L,C,A,A,M,S,S,A,A,T,V,G,G,P,A,G,L,T,A,F,Q,G,D,N,R,W,E,E,L,A,L,P,G,D,R,D,A,A,K,L,T,S,Q,A,R,S,R,Q,L,M,D,D,R,P,L,P,G,K,T,A,G,E,R,G,A,A,P,N,N,K,A,E,R,I,V,V,I,Y,L,R,D,T,P,A,S,M,A,E,R,N,Q,Q,I,A,G,I,G,A,A,L,I,E,H,W,Q,R
SHV-161,M,R,Y,I,R,L,C,I,I,S,L,A,T,L,P,A,H,A,P,E,L,S,Q,L,S,I,E,L,A,G,T,W,R,E,R,M,S,T,V,A,V,V,G,E,L,E,H,Y,R,D,D,S,H,L,A,T,V,L,C,A,A,M,S,S,A,A,T,V,G,G,P,A,G,L,T,A,F,Q,G,D,N,R,W,E,E,L,A,L,P,G,D,R,D,A,A,K,L,T,S,Q,A,R,S,R,Q,L,M,D,D,R,P,L,P,G,K,T,A,G,E,R,G,A,A,P,N,N,K,A,E,R,I,V,V,I,Y,L,R,D,T,P,A,S,M,A,E,R,N,Q,Q,I,A,G,I,G,A,A,L,I,E,H,W,Q,R
SHV-124,M,R,Y,I,R,L,C,I,I,S,L,A,T,L,P,A,H,A,P,D,L,S,Q,L,R,I,E,L,A,G,T,W,R,E,R,M,S,T,V,A,V,V,G,E,L,E,H,Y,R,D,D,S,H,L,A,T,V,L,C,A,A,M,S,S,A,A,T,V,G,G,P,A,G,L,T,A,F,Q,G,D,N,R,W,E,E,L,A,L,P,G,D,R,D,A,A,K,L,T,S,Q,A,R,S,R,Q,L,M,D,D,R,P,L,P,G,K,T,A,S,K,R,G,A,A,P,N,N,K,A,E,R,I,V,V,I,Y,L,R,D,T,P,A,S,M,A,E,R,N,Q,-,-,-,-,-,-,-,-,-,-,-,-,-,-,-
SHV-33,M,R,Y,I,R,L,C,I,I,S,L,A,T,L,P,A,H,A,P,E,L,S,Q,L,R,I,E,L,A,G,T,W,R,E,R,M,S,T,V,A,V,V,G,E,L,E,H,Y,R,D,D,S,H,L,A,T,V,L,C,A,A,M,S,S,A,A,T,V,G,G,P,A,G,L,T,A,F,Q,G,D,N,R,W,E,E,L,A,L,P,G,D,R,D,A,A,K,L,T,S,Q,A,R,S,R,Q,L,M,D,D,R,P,L,S,G,K,T,A,G,E,R,G,A,A,P,N,N,K,A,E,R,I,V,V,I,Y,L,R,D,T,P,A,S,M,A,E,R,N,Q,Q,I,A,G,I,G,A,A,L,I,E,H,W,Q,R
SHV-53,-,-,-,-,-,-,-,I,I,S,L,A,T,L,P,A,H,A,P,E,Q,S,Q,L,R,I,E,L,A,G,T,W,R,E,R,M,S,T,V,A,V,V,G,E,L,E,H,Y,R,D,D,S,H,L,A,T,V,L,C,A,A,M,S,S,A,A,T,V,G,G,P,A,G,L,T,A,F,Q,G,D,N,R,W,E,E,L,A,L,P,G,D,R,D,A,A,K,L,I,S,Q,A,R,S,R,Q,L,M,D,D,R,P,L,P,G,K,T,A,G,E,R,G,A,A,P,N,N,-,-,-,-,-,-,-,-,-,-,-,-,-,-,-,-,-,-,-,-,-,-,-,-,-,-,-,-,-,-,-,-,-,-,-,-,-
SHV-122,M,R,Y,I,R,L,C,I,I,S,L,A,T,L,P,A,H,A,P,E,Q,S,Q,L,R,I,E,L,A,G,T,W,R,E,R,M,S,T,V,A,V,V,G,E,L,E,H,Y,R,D,D,S,H,L,A,T,V,L,C,A,A,M,S,S,A,A,T,V,G,G,P,A,G,L,T,A,F,Q,G,D,N,P,G,G,E,L,A,L,P,G,D,R,D,A,A,K,L,T,S,Q,A,R,S,R,Q,L,M,D,D,R,P,L,P,G,K,T,A,G,E,R,G,A,A,P,N,N,K,A,E,R,I,V,V,I,Y,L,R,D,T,P,A,S,M,A,E,R,N,Q,Q,I,A,G,I,G,A,A,L,I,E,H,W,Q,R
SHV-106,M,R,F,I,R,L,C,I,I,S,L,A,T,L,P,A,H,A,P,E,L,S,Q,L,R,I,E,L,A,G,T,W,R,E,R,M,S,T,V,A,V,V,G,E,L,E,H,Y,R,D,D,S,H,L,A,T,V,L,C,A,A,M,S,S,A,A,T,V,G,G,P,A,G,L,T,A,F,Q,G,D,N,R,W,E,E,L,A,L,P,G,D,R,D,A,A,K,L,T,S,Q,A,R,S,R,Q,L,M,D,D,R,P,L,P,G,K,T,A,S,E,R,G,A,A,P,N,N,K,A,E,R,I,V,V,I,Y,L,R,D,T,P,A,S,M,A,E,R,N,Q,Q,I,A,G,I,G,A,A,L,I,E,H,W,Q,R
SHV-186,M,R,Y,I,R,L,C,I,I,S,L,A,T,L,P,A,H,A,P,E,L,S,Q,L,R,I,E,L,A,G,T,W,R,E,R,M,S,T,V,A,V,V,G,E,L,E,H,Y,R,D,D,S,H,L,A,T,V,L,C,A,A,M,S,S,A,A,T,V,G,G,P,A,G,L,T,A,F,Q,G,D,N,R,W,E,E,L,A,L,P,G,D,R,D,T,A,K,L,T,S,Q,A,R,S,R,Q,L,M,D,D,R,P,L,P,G,K,T,A,G,E,R,C,A,A,P,N,N,K,A,E,R,I,V,V,I,Y,L,R,D,T,P,A,S,M,A,E,R,N,Q,Q,I,A,G,I,G,A,A,L,I,E,H,W,Q,R
SHV-96,M,R,Y,I,R,L,C,I,I,S,L,A,T,L,P,A,H,A,P,E,Q,S,Q,L,R,I,E,L,A,G,T,W,R,E,R,M,S,T,V,A,V,V,G,E,L,E,H,Y,R,D,D,S,H,L,A,T,V,L,C,A,A,M,S,S,A,A,T,V,G,G,P,A,G,L,T,A,F,Q,G,D,N,R,W,E,E,L,A,L,P,G,D,R,D,A,A,K,L,T,S,Q,A,R,S,R,Q,L,M,D,A,R,P,L,P,G,K,T,A,G,E,R,G,A,A,P,N,N,K,A,E,R,I,V,V,I,Y,L,R,D,T,P,A,S,M,A,E,R,N,Q,Q,I,A,G,I,G,A,A,L,I,E,H,W,Q,R
SHV-93,M,R,Y,I,R,L,C,I,I,S,L,A,T,L,P,A,H,A,P,E,Q,S,Q,L,R,I,E,L,A,G,T,W,R,E,R,M,S,T,V,T,V,V,G,E,L,E,H,Y,R,D,D,S,H,L,A,T,V,L,C,A,A,M,S,S,A,A,T,V,G,G,P,A,G,L,T,A,F,Q,D,D,N,R,W,E,E,L,A,L,P,G,D,R,D,A,A,K,L,T,S,Q,A,R,S,R,Q,L,M,D,D,R,P,L,P,G,K,T,A,G,E,R,G,A,A,P,N,N,K,A,E,R,I,V,V,I,Y,L,R,D,T,P,A,S,M,A,E,R,N,Q,Q,I,A,G,I,G,A,A,L,I,E,H,W,Q,R
SHV-66,M,R,Y,I,R,L,C,I,I,S,L,A,T,L,P,A,H,A,P,E,Q,S,Q,L,R,I,E,L,A,G,T,W,R,Q,R,M,S,T,V,A,V,V,G,E,L,E,H,Y,R,D,D,S,H,L,A,T,V,L,C,A,A,M,S,S,A,A,T,V,G,G,P,A,G,L,T,A,F,Q,G,D,N,R,W,E,E,L,A,L,P,G,D,R,D,A,A,K,L,T,S,Q,A,R,S,R,Q,L,M,D,D,R,P,L,P,G,K,T,A,S,K,R,G,A,A,P,N,N,K,A,E,R,I,V,V,I,Y,L,R,D,T,P,A,S,M,A,E,R,N,Q,Q,I,A,G,I,G,A,A,L,I,E,H,W,Q,R
SHV-77,M,R,Y,I,R,L,C,I,I,S,L,A,T,L,P,A,H,A,P,E,Q,S,Q,L,R,I,E,L,A,G,T,W,R,E,R,M,S,T,A,A,V,V,G,E,L,E,H,Y,R,D,D,S,H,L,A,T,V,L,C,A,A,M,S,S,A,A,T,V,G,G,P,A,G,L,T,A,F,Q,G,D,N,R,W,E,E,L,A,L,P,G,D,R,D,A,A,K,L,T,S,Q,A,R,S,R,Q,L,M,D,D,R,P,L,P,G,K,T,A,G,E,R,G,A,A,P,N,N,K,A,E,R,I,V,V,I,Y,L,R,D,T,P,A,S,M,A,E,R,N,Q,Q,I,A,G,I,G,A,A,L,I,E,H,W,Q,R
SHV-134,M,R,Y,I,R,L,C,I,I,S,L,A,T,L,P,A,H,A,P,E,Q,S,Q,L,R,I,E,L,A,G,T,W,R,E,R,M,S,T,V,A,V,V,G,E,L,E,H,Y,R,D,D,S,H,L,A,T,V,L,C,A,A,M,S,S,A,A,T,V,G,G,P,A,G,L,T,A,F,E,G,D,N,R,W,E,E,L,A,L,P,G,D,R,D,A,A,K,L,T,S,Q,A,R,S,R,Q,L,M,D,D,R,P,L,P,G,K,T,A,S,K,R,G,A,A,P,N,N,K,A,E,R,I,V,V,I,Y,L,R,D,T,P,A,S,M,A,E,R,N,Q,Q,I,A,G,I,G,A,A,L,I,E,H,W,Q,R
SHV-25,M,R,Y,I,R,L,C,I,I,S,L,A,A,L,P,A,H,A,P,E,Q,S,Q,L,R,I,E,L,A,G,T,W,R,E,R,M,S,T,V,A,V,V,G,E,L,E,H,Y,R,D,D,S,H,L,A,T,V,L,C,A,A,V,S,S,A,A,T,V,G,G,P,A,G,L,T,A,F,Q,G,D,N,R,W,E,E,L,A,L,P,G,D,R,D,A,A,K,L,T,S,Q,A,R,S,R,Q,L,M,D,D,R,P,L,P,G,K,T,A,G,E,R,G,A,A,P,N,N,K,A,E,R,I,V,V,I,Y,L,R,D,T,P,A,S,M,A,E,R,N,Q,Q,I,A,G,I,G,A,A,L,I,E,H,W,Q,R
SHV-74,M,R,Y,I,R,L,C,I,I,S,L,A,T,L,P,T,H,A,P,E,Q,S,Q,L,R,I,E,L,A,G,T,W,R,E,R,M,S,T,V,A,V,V,G,E,L,E,H,Y,R,D,D,S,H,L,A,T,V,L,C,A,A,M,S,S,A,A,T,V,G,G,P,A,G,L,T,A,F,Q,G,D,N,R,W,E,E,L,A,L,P,G,D,R,D,A,A,K,L,T,S,Q,A,R,S,R,Q,L,M,D,D,R,P,L,P,G,K,T,A,G,E,R,G,A,A,P,N,N,K,A,E,R,I,V,V,I,Y,L,R,D,T,P,A,S,M,A,E,R,N,Q,Q,I,A,G,I,G,A,A,L,I,E,H,W,Q,R
SHV-1,M,R,Y,I,R,L,C,I,I,S,L,A,T,L,P,A,H,A,P,E,L,S,Q,L,R,I,E,L,A,G,T,W,R,E,R,M,S,T,V,A,V,V,G,E,L,E,H,Y,R,D,D,S,H,L,A,T,V,L,C,A,A,M,S,S,A,A,T,V,G,G,P,A,G,L,T,A,F,Q,G,D,N,R,W,E,E,L,A,L,P,G,D,R,D,A,A,K,L,T,S,Q,A,R,S,R,Q,L,M,D,D,R,P,L,P,G,K,T,A,G,E,R,G,A,A,P,N,N,K,A,E,R,I,V,V,I,Y,L,R,D,T,P,A,S,M,A,E,R,N,Q,Q,I,A,G,I,G,A,A,L,I,E,H,W,Q,R
SHV-76,M,R,Y,I,R,L,C,I,I,S,L,A,A,L,P,A,H,A,P,E,Q,S,Q,L,R,I,E,L,A,G,T,W,R,E,R,M,S,T,V,A,V,V,G,E,L,E,H,Y,R,D,D,S,H,L,A,T,V,L,C,A,A,M,S,S,A,A,T,V,G,G,P,A,G,L,T,A,F,Q,G,D,N,R,W,E,E,L,A,L,P,G,D,R,D,A,A,K,L,T,S,Q,A,R,S,R,Q,L,M,E,D,R,P,L,P,G,K,T,A,G,E,R,G,A,A,P,N,N,K,A,E,R,I,V,V,I,Y,L,R,D,T,P,A,S,M,A,E,R,N,Q,Q,I,A,G,I,G,A,A,L,I,E,H,W,Q,R
SHV-2,M,R,Y,I,R,L,C,I,I,S,L,A,T,L,P,A,H,A,P,E,L,S,Q,L,R,I,E,L,A,G,T,W,R,E,R,M,S,T,V,A,V,V,G,E,L,E,H,Y,R,D,D,S,H,L,A,T,V,L,C,A,A,M,S,S,A,A,T,V,G,G,P,A,G,L,T,A,F,Q,G,D,N,R,W,E,E,L,A,L,P,G,D,R,D,A,A,K,L,T,S,Q,A,R,S,R,Q,L,M,D,D,R,P,L,P,G,K,T,A,S,E,R,G,A,A,P,N,N,K,A,E,R,I,V,V,I,Y,L,R,D,T,P,A,S,M,A,E,R,N,Q,Q,I,A,G,I,G,A,A,L,I,E,H,W,Q,R
SHV-103,M,R,Y,I,R,L,C,I,I,S,L,A,T,L,P,A,H,A,P,E,L,S,Q,L,R,I,E,L,A,G,T,W,R,E,R,M,S,T,V,A,V,V,G,E,L,E,H,Y,R,D,D,S,H,L,A,T,V,L,C,A,A,M,S,S,A,A,T,V,G,G,P,A,G,L,T,A,F,Q,G,D,N,R,W,E,E,L,A,L,P,G,D,R,D,A,A,K,L,T,S,Q,A,R,S,R,Q,L,M,D,D,R,P,L,P,G,K,T,A,G,E,R,G,A,A,P,N,N,R,A,E,R,I,V,V,I,Y,L,R,D,T,P,A,S,M,A,E,R,N,Q,Q,I,A,G,I,G,A,A,L,I,E,H,W,Q,R
SHV-71,M,R,Y,I,R,L,C,I,I,S,L,A,T,L,P,A,H,A,P,E,L,S,Q,L,R,I,E,L,A,G,T,W,R,E,R,M,S,T,V,A,V,V,G,E,L,E,H,Y,R,D,D,S,Y,L,A,T,V,L,C,A,A,M,S,S,A,A,T,V,G,G,P,V,G,L,T,A,F,Q,G,D,N,R,W,E,E,L,A,L,P,G,D,R,D,A,A,K,L,T,S,Q,A,R,S,R,Q,L,M,D,D,R,P,L,P,G,K,T,A,G,E,R,G,A,A,P,N,N,K,A,E,R,I,V,V,I,Y,L,R,D,T,P,A,S,M,A,E,R,N,Q,Q,I,A,G,I,G,A,A,L,I,E,H,W,Q,R
SHV-158,M,R,Y,I,R,L,C,I,I,S,L,A,T,L,P,A,H,A,P,E,Q,S,Q,L,R,I,E,L,A,G,A,W,R,E,R,M,S,T,V,A,V,V,G,E,L,E,H,Y,R,D,D,S,H,L,A,T,V,L,C,A,A,M,S,S,A,A,T,V,G,G,P,A,G,L,T,A,F,Q,G,D,N,R,W,E,E,L,A,L,P,G,D,R,D,A,A,K,L,T,S,Q,A,R,S,R,Q,L,M,D,D,R,P,L,P,G,K,T,A,G,E,R,G,A,A,P,N,N,K,A,E,R,I,V,V,I,Y,L,R,D,T,P,A,S,M,A,E,R,N,Q,Q,I,A,G,I,G,A,A,L,I,E,H,W,Q,R
SHV-59,M,R,Y,I,R,L,C,I,I,S,L,A,T,L,P,A,H,A,P,E,L,S,Q,L,R,I,E,L,A,G,T,W,R,E,R,M,S,T,V,A,V,V,G,E,L,E,H,Y,R,D,D,S,H,L,A,T,V,L,C,A,A,M,S,S,V,A,T,V,G,G,P,A,G,L,T,A,F,Q,G,D,N,R,W,E,E,L,A,L,P,G,D,R,D,A,A,K,L,T,S,Q,A,R,S,R,Q,L,M,D,D,R,P,L,P,G,K,T,A,G,E,R,G,A,A,P,N,N,K,A,E,R,I,V,V,I,Y,L,R,D,T,L,A,S,M,A,E,R,N,Q,Q,I,A,G,I,G,A,A,L,I,E,H,W,Q,R
SHV-109,M,R,Y,I,R,R,C,I,I,S,L,A,T,L,P,A,H,A,P,E,Q,S,Q,L,R,I,E,L,A,G,T,W,R,E,R,M,S,T,V,A,V,V,G,E,L,E,H,Y,R,D,D,S,H,L,A,T,V,L,C,A,A,M,S,S,A,A,T,V,G,G,P,A,G,L,T,A,F,Q,G,D,N,R,W,E,E,L,A,L,P,G,D,R,D,A,A,K,L,T,S,Q,A,R,S,R,Q,L,M,D,D,R,P,L,P,G,K,T,A,G,E,R,G,A,A,P,N,N,K,A,E,R,I,V,V,I,Y,L,R,D,M,P,A,S,M,A,E,R,N,Q,Q,I,A,G,I,G,A,A,L,I,E,H,W,Q,R
SHV-22,-,-,-,-,-,-,-,-,-,-,M,A,T,L,P,A,H,A,P,E,L,S,Q,L,R,I,E,L,A,G,T,W,R,E,R,M,S,T,V,A,V,V,G,E,L,E,H,Y,R,D,D,S,H,L,A,T,V,L,C,A,A,M,S,S,A,A,T,V,G,G,P,A,G,L,T,A,F,Q,G,D,K,R,W,E,E,L,A,L,P,G,D,R,D,A,A,K,L,T,S,Q,A,R,S,R,Q,L,M,D,D,R,P,L,P,G,K,T,A,S,K,R,G,A,A,P,N,N,K,A,E,R,I,V,V,I,Y,L,R,D,T,P,A,S,M,A,E,R,N,-,-,-,-,-,-,-,-,-,-,-,-,-,-,-,-
SHV-55,M,R,F,I,R,L,C,I,I,S,L,A,T,L,P,A,H,A,P,E,L,S,Q,L,R,I,E,L,A,G,T,W,R,E,R,M,S,T,V,A,V,V,G,E,L,E,H,Y,R,D,D,S,H,L,A,T,V,L,C,A,A,M,S,S,A,A,T,V,G,G,P,A,G,L,T,A,F,Q,G,D,N,R,W,E,E,L,A,L,P,G,D,R,D,A,A,K,L,T,S,Q,A,R,S,R,Q,L,M,D,D,R,P,L,P,G,K,T,A,S,K,R,G,A,A,P,N,N,K,A,E,R,I,V,V,I,Y,L,R,D,T,P,A,S,M,A,E,R,N,Q,Q,I,A,G,I,G,A,A,L,I,E,H,W,Q,R
SHV-168,M,R,Y,F,R,L,C,I,I,S,L,A,T,L,P,A,H,A,P,E,L,S,Q,L,R,I,E,L,A,G,T,W,R,E,R,M,S,T,V,A,V,V,G,E,L,E,H,Y,R,D,D,S,H,L,A,T,V,L,C,A,A,M,S,S,A,A,T,V,G,G,P,V,G,L,T,A,F,Q,G,D,N,R,W,E,E,L,A,L,P,G,D,R,D,A,A,K,L,T,S,Q,A,R,S,R,Q,L,M,D,D,R,P,L,P,G,K,T,A,G,E,R,G,A,A,P,N,N,K,A,E,R,I,V,V,I,Y,L,R,D,T,P,A,S,M,A,E,R,N,Q,Q,I,A,G,I,G,A,A,L,I,E,H,W,Q,R
SHV-173,M,R,Y,I,R,L,C,I,I,S,L,A,T,L,P,A,H,A,P,E,Q,S,Q,L,R,I,E,Q,A,G,T,W,R,E,R,M,S,T,V,A,V,V,G,E,L,E,H,Y,R,D,D,S,H,L,A,T,V,L,C,A,A,M,S,S,A,A,T,V,G,G,P,A,G,L,T,A,F,Q,G,D,N,R,W,E,E,L,A,L,P,G,D,R,D,A,A,K,L,T,S,Q,A,R,S,R,Q,L,M,D,D,R,P,L,P,G,K,T,A,G,E,R,G,A,A,P,N,N,K,A,E,R,I,V,V,I,Y,L,R,D,T,P,A,S,M,A,E,R,N,Q,Q,I,A,G,I,G,A,A,L,I,E,H,W,Q,R
SHV-119,M,R,H,I,R,L,C,I,I,S,L,A,T,L,P,A,Q,A,P,E,Q,S,Q,L,R,I,E,L,A,G,T,W,R,E,R,M,S,T,V,A,V,V,G,E,L,E,H,Y,R,D,D,S,H,L,A,T,V,L,C,A,A,M,S,S,A,A,T,V,G,G,P,A,G,L,T,A,F,Q,G,D,N,R,W,E,E,L,A,L,P,G,D,R,D,A,A,K,L,T,S,Q,A,R,S,R,Q,L,M,D,D,R,P,L,P,G,K,T,A,G,E,R,G,A,A,P,N,N,K,A,E,R,I,V,V,I,Y,L,R,D,T,P,A,S,M,A,E,R,N,Q,Q,I,A,G,I,G,A,A,L,I,E,H,W,Q,R
SHV-81,M,R,Y,I,R,L,C,I,I,S,L,A,T,L,P,A,H,A,P,E,Q,S,Q,L,R,I,E,L,A,G,T,W,R,E,R,M,S,T,V,A,V,V,G,E,L,E,H,Y,R,D,D,S,H,L,A,T,V,L,C,A,A,M,S,S,A,A,T,V,G,S,P,A,G,L,T,A,F,Q,G,D,N,R,W,E,E,L,A,L,P,G,D,R,D,A,A,K,L,T,S,Q,A,R,S,R,Q,L,M,D,D,R,P,L,P,G,K,T,A,G,E,R,G,A,A,P,N,N,K,A,E,R,I,V,V,I,Y,L,R,D,T,P,A,S,M,A,E,R,N,Q,Q,I,A,G,I,G,A,A,L,I,E,H,W,Q,R
SHV-31,M,R,Y,I,R,L,C,I,I,S,L,A,T,L,P,A,H,A,P,E,Q,S,Q,L,R,I,E,L,A,G,T,W,R,E,R,M,S,T,V,A,V,V,G,E,L,E,H,Y,R,D,D,S,H,L,A,T,V,L,C,A,A,M,S,S,A,A,T,V,G,G,P,A,G,L,T,A,F,Q,G,D,N,R,W,E,E,L,A,L,P,G,D,R,D,A,A,K,L,T,S,Q,A,R,S,R,Q,L,M,D,D,R,P,L,P,G,K,T,A,G,K,R,G,A,A,P,N,N,K,A,E,R,I,V,V,I,Y,L,R,D,T,P,A,S,M,A,E,R,N,Q,Q,I,A,G,I,G,A,A,L,I,E,H,W,Q,R
SHV-149,M,R,Y,I,R,L,C,I,I,S,L,A,T,L,P,A,H,A,P,E,L,S,R,L,S,I,E,L,A,G,T,W,R,E,R,M,S,T,V,A,V,V,G,E,L,E,H,Y,R,D,D,S,H,L,A,T,V,L,C,A,A,M,S,S,A,A,T,V,G,G,P,A,G,L,T,A,S,Q,G,D,N,R,W,E,E,L,A,L,P,G,D,R,D,A,A,K,L,T,S,Q,A,R,S,R,Q,L,M,D,D,R,P,L,P,G,K,T,A,G,E,R,G,A,A,P,N,N,K,A,E,R,I,V,V,I,Y,L,R,D,T,P,A,S,M,A,E,R,N,Q,Q,I,A,G,I,G,A,A,L,I,E,H,W,Q,R
SHV-34,M,R,Y,F,R,L,C,I,I,S,L,A,T,L,P,A,H,A,P,E,L,S,Q,L,S,I,E,L,A,G,T,W,R,G,R,M,S,T,V,A,V,V,G,E,L,E,H,Y,R,D,D,S,H,L,A,T,V,L,C,A,A,M,S,S,A,A,T,V,G,G,P,A,G,L,T,A,F,Q,G,D,N,R,W,E,E,L,A,L,P,G,D,R,D,A,A,K,L,T,S,Q,A,R,S,R,Q,L,M,D,D,R,P,L,P,G,K,T,A,S,E,R,G,A,A,P,N,N,K,A,E,R,I,V,V,I,Y,L,R,D,T,P,A,S,M,A,E,R,N,Q,Q,I,A,G,I,G,A,A,L,I,E,H,W,Q,R
SHV-147,M,R,Y,I,R,L,C,I,I,S,L,A,T,L,P,A,H,A,P,E,L,S,Q,L,R,I,E,L,A,G,T,W,R,E,R,M,S,A,V,A,V,V,G,E,L,E,H,Y,R,D,D,S,H,L,A,T,V,L,C,A,A,M,S,S,A,A,T,V,G,G,P,A,G,L,T,A,F,Q,G,D,N,R,W,E,E,L,A,L,P,G,D,R,D,A,A,K,L,T,S,Q,A,R,S,R,Q,L,M,D,D,R,P,L,P,G,K,T,A,G,E,R,G,A,A,P,N,N,K,A,E,R,I,V,V,I,Y,L,R,D,T,S,A,S,M,A,E,R,N,Q,Q,I,A,G,I,G,A,A,L,I,E,H,W,Q,R
SHV-65,M,R,Y,I,R,L,C,I,I,S,L,A,T,L,P,A,H,A,P,E,L,S,Q,L,R,I,E,L,A,G,T,W,R,E,R,M,S,T,V,A,V,V,G,E,L,E,H,Y,R,D,D,S,H,L,A,T,V,L,C,T,A,M,S,S,A,A,T,V,G,G,P,A,G,L,T,A,F,Q,G,D,N,R,W,E,E,L,A,L,P,G,D,R,D,A,A,K,L,T,S,Q,A,R,S,R,Q,L,M,D,D,R,P,L,P,G,K,T,A,G,E,R,G,A,A,P,N,N,K,A,E,R,I,V,V,I,Y,L,R,D,T,P,A,S,M,A,E,R,N,Q,Q,I,A,G,I,G,A,A,L,I,E,H,W,Q,R
SHV-126,M,R,Y,I,R,L,C,I,I,S,L,A,T,L,P,A,H,A,P,E,L,S,Q,L,R,I,E,L,A,G,T,W,R,E,R,M,S,T,V,A,V,V,G,E,L,E,H,Y,R,D,D,S,H,L,A,T,V,L,C,A,A,M,S,S,A,A,T,V,G,G,P,A,G,L,T,A,F,Q,G,D,N,R,W,E,E,L,A,L,P,G,D,R,D,A,A,K,L,T,S,Q,A,R,S,R,Q,L,M,D,D,R,P,L,P,G,K,T,A,G,K,R,G,A,A,P,N,N,K,A,E,R,T,V,V,I,Y,L,R,D,T,P,A,S,M,A,E,R,N,Q,-,-,-,-,-,-,-,-,-,-,-,-,-,-,-
SHV-94,M,R,Y,I,R,L,C,I,I,S,L,A,T,L,P,A,H,A,P,E,Q,S,Q,L,R,I,E,L,A,G,T,W,R,E,R,M,S,T,V,A,V,V,G,E,L,E,H,Y,R,H,D,S,H,L,A,T,V,L,C,A,A,M,S,S,A,A,T,V,G,G,P,A,G,L,T,A,F,Q,G,D,N,R,W,E,E,L,A,L,P,G,D,R,D,A,A,K,L,T,S,Q,A,R,S,R,Q,L,M,D,D,R,P,L,P,G,K,T,A,G,E,R,G,A,A,P,N,N,K,A,E,R,I,V,V,I,Y,L,R,D,T,P,A,S,M,A,E,R,N,Q,Q,I,A,G,I,G,A,A,L,I,E,H,W,Q,R
SHV-167,M,R,Y,I,R,L,C,I,I,S,L,A,T,L,P,A,H,A,P,E,L,S,Q,L,R,I,E,L,A,G,T,W,R,E,R,M,S,T,V,A,V,V,D,E,L,E,H,Y,R,D,D,S,Y,L,A,T,V,L,C,A,A,M,S,S,A,A,T,V,G,G,P,V,G,L,T,A,F,Q,G,D,N,R,W,E,E,L,A,L,P,G,D,R,D,A,A,K,L,T,S,Q,A,R,S,R,Q,L,M,D,D,R,P,L,P,G,K,T,A,G,E,R,G,A,A,P,N,N,K,A,E,R,I,V,V,I,Y,L,R,D,T,P,A,S,M,A,E,R,N,Q,Q,I,A,G,I,G,A,A,L,I,E,-,-,-,-
SHV-60,M,R,Y,I,R,L,C,I,I,S,L,A,T,L,P,A,H,A,P,E,Q,S,Q,L,R,I,E,L,A,G,T,W,R,E,R,M,S,T,V,A,V,V,G,E,L,E,H,Y,R,D,D,S,H,L,A,T,V,L,C,A,A,M,S,S,A,A,T,V,G,G,P,A,G,L,T,A,F,Q,G,D,N,R,W,E,E,L,A,L,P,G,D,R,D,T,A,K,L,T,S,Q,A,R,S,R,Q,L,M,D,D,R,P,L,P,G,K,T,A,G,E,R,G,A,A,P,N,N,K,A,E,R,I,V,V,I,Y,L,R,D,T,P,A,S,M,A,E,R,N,Q,Q,I,A,G,I,G,A,A,L,I,E,H,W,Q,R
SHV-125,M,R,Y,I,R,L,N,I,I,S,L,A,T,L,P,A,H,A,P,E,L,S,Q,L,R,I,E,L,A,G,T,W,R,E,R,M,S,T,V,A,V,V,G,E,L,E,H,Y,R,D,D,S,H,L,A,T,V,L,C,A,A,M,S,S,A,A,T,V,G,G,P,A,G,L,T,A,F,Q,G,D,N,R,W,E,E,L,A,L,P,G,D,R,D,A,A,K,L,T,S,Q,A,R,S,R,Q,L,M,D,D,R,P,L,P,G,K,T,A,G,E,R,G,A,A,P,N,N,K,A,E,R,I,V,V,I,Y,L,R,D,T,P,A,S,M,A,E,R,N,Q,-,-,-,-,-,-,-,-,-,-,-,-,-,-,-
SHV-19,M,R,Y,I,R,L,C,I,I,S,L,A,T,L,P,A,H,A,P,E,L,S,Q,L,R,I,E,L,A,G,T,W,R,E,R,M,S,T,V,A,V,V,G,E,L,E,H,Y,R,D,D,S,H,L,A,T,V,L,C,A,A,M,S,S,A,A,T,V,G,G,P,A,G,L,T,A,F,Q,G,D,N,R,W,E,E,L,A,F,P,G,D,R,D,A,A,K,L,T,S,Q,A,R,S,R,Q,L,M,D,D,R,P,L,P,G,K,T,A,G,E,R,G,A,A,P,N,N,K,A,E,R,I,V,V,I,Y,L,R,D,T,P,A,S,M,A,E,R,N,Q,Q,I,A,G,I,G,A,A,L,I,E,H,W,Q,R
SHV-80,M,R,Y,I,R,L,C,I,I,S,L,A,T,L,P,A,H,A,P,E,Q,S,Q,L,R,I,E,L,A,G,T,W,R,E,R,M,S,T,V,A,V,V,G,E,L,E,H,Y,R,D,D,S,H,L,A,T,V,L,C,A,A,M,S,S,A,A,T,V,G,G,P,T,G,L,T,A,F,Q,G,D,N,R,W,E,E,L,A,L,P,G,D,R,D,A,A,K,L,T,S,Q,A,R,S,R,Q,L,M,D,D,R,P,L,P,G,K,T,A,G,E,R,G,A,A,P,N,N,K,A,E,R,I,V,V,I,Y,L,R,D,T,P,A,S,M,A,E,R,N,Q,Q,I,A,G,I,G,A,A,L,I,E,H,W,Q,R
SHV-26,M,R,Y,I,R,L,C,I,I,S,L,A,T,L,P,A,H,A,P,E,L,S,Q,L,R,I,E,L,A,G,T,W,R,E,R,M,S,T,V,A,V,V,G,E,L,E,H,Y,R,D,D,S,H,L,A,T,V,L,C,A,A,M,S,S,A,A,T,V,G,G,P,A,G,L,T,A,F,Q,G,D,N,R,W,E,E,L,A,L,P,G,D,R,D,T,A,K,L,T,S,Q,A,R,S,R,Q,L,M,D,D,R,P,L,P,G,K,T,A,G,E,R,G,A,A,P,N,N,K,A,E,R,I,V,V,I,Y,L,R,D,T,P,A,S,M,A,E,R,N,Q,Q,I,A,G,I,G,A,A,L,I,E,H,W,Q,R
SHV-63,M,R,Y,I,R,L,C,I,I,S,L,A,T,L,P,A,H,A,P,E,L,S,Q,L,R,I,E,L,A,G,T,W,R,E,R,M,S,T,V,A,V,V,G,E,L,E,H,Y,R,D,D,S,H,L,A,T,V,L,C,A,A,M,S,S,A,A,T,V,G,G,P,A,G,L,T,A,F,Q,G,E,N,R,W,E,E,L,A,L,P,G,D,R,D,A,A,K,L,T,N,Q,A,R,S,R,Q,L,M,D,D,R,P,L,P,G,K,T,A,G,E,R,G,A,A,P,N,N,K,A,E,R,I,V,V,I,Y,L,R,D,T,P,A,S,M,A,E,R,N,Q,Q,I,A,G,I,G,A,A,L,I,E,H,W,Q,R
SHV-13,M,R,Y,I,R,L,C,I,I,S,L,A,T,L,P,A,H,A,P,E,Q,S,Q,L,R,I,E,L,A,G,T,W,R,E,R,M,S,T,V,A,V,V,G,E,L,E,H,Y,R,D,D,S,H,L,A,T,V,L,C,A,A,M,S,S,A,A,T,V,G,G,P,A,G,L,T,A,F,Q,G,D,N,R,W,E,E,L,A,L,P,G,D,R,D,A,A,K,L,T,S,Q,A,R,S,R,Q,L,M,D,D,R,P,L,P,G,K,T,A,A,E,R,G,A,A,P,N,N,K,A,E,R,I,V,V,I,Y,L,R,D,T,P,A,S,M,A,E,R,N,Q,Q,I,A,G,I,G,A,A,L,I,E,H,W,Q,R
SHV-135,M,R,Y,I,R,L,C,I,I,S,L,A,T,L,P,A,H,A,P,K,Q,S,Q,L,R,I,E,L,A,G,T,W,R,E,R,M,S,T,V,A,V,V,G,E,L,E,H,Y,R,D,D,S,H,L,A,T,V,L,C,A,A,M,S,S,A,A,T,V,G,G,P,A,G,L,T,A,F,Q,G,D,N,R,W,E,E,L,A,L,P,G,D,R,D,T,A,K,L,T,S,Q,A,R,S,R,Q,L,M,D,D,R,P,L,P,G,K,T,A,G,E,R,G,A,A,P,N,N,K,A,E,R,I,V,V,I,Y,L,R,D,T,P,A,S,M,A,E,R,N,Q,Q,I,A,G,I,G,A,A,L,I,E,H,W,Q,R
SHV-99,M,R,Y,I,R,L,C,I,I,S,L,A,T,L,P,A,H,A,P,E,L,S,Q,L,R,I,E,L,A,G,T,W,R,E,R,M,S,T,V,A,V,V,G,E,L,E,H,Y,R,D,G,S,H,L,A,T,V,L,C,A,A,M,S,S,A,A,T,V,G,G,P,A,G,L,T,A,F,Q,G,D,N,R,W,E,E,L,A,L,P,G,D,R,D,A,A,K,L,T,S,Q,A,R,S,R,Q,L,M,D,D,R,P,L,P,G,K,T,A,G,E,R,G,A,A,P,N,N,K,A,E,R,I,V,V,I,Y,L,R,D,T,P,A,S,M,A,E,R,N,Q,Q,I,A,G,I,G,A,A,L,I,E,H,W,Q,R
SHV-48,M,R,Y,I,R,L,C,I,I,S,L,A,T,L,P,A,H,A,P,E,L,S,Q,L,R,I,E,L,A,G,T,W,R,E,R,M,S,T,V,A,V,V,G,E,L,E,H,Y,R,D,D,S,H,L,A,T,I,L,C,A,A,M,S,S,A,A,T,V,G,G,P,A,G,L,T,A,F,Q,G,D,N,R,W,E,E,L,A,L,P,G,D,R,D,A,A,K,L,T,S,Q,A,R,S,R,Q,L,M,D,D,R,P,L,P,G,K,T,A,G,E,R,G,A,A,P,N,N,K,A,E,R,I,V,V,I,Y,L,R,D,T,P,A,S,M,A,E,R,N,Q,Q,I,A,G,I,G,A,A,L,I,E,H,W,Q,R
SHV-107,M,R,Y,I,R,L,C,I,I,S,L,A,T,L,P,A,H,A,P,E,Q,S,Q,L,R,I,E,L,A,G,T,W,R,E,R,M,S,T,V,A,V,V,G,E,L,E,H,Y,R,D,D,S,H,L,A,T,V,L,C,A,A,M,S,S,A,A,T,V,G,G,P,A,G,L,T,A,F,Q,G,D,N,R,W,E,E,L,A,L,P,G,D,R,D,A,A,K,L,T,S,Q,A,R,S,R,Q,L,M,D,D,R,P,L,P,G,K,A,A,G,E,R,G,A,A,P,N,N,K,A,E,R,I,V,V,I,Y,L,R,D,T,P,A,S,M,A,E,R,N,Q,Q,I,A,G,I,G,A,A,L,I,E,H,W,Q,R
SHV-85,M,R,Y,I,R,L,C,I,I,S,L,A,T,M,P,A,H,A,P,E,Q,S,Q,L,R,I,E,L,A,G,T,W,R,E,R,M,S,T,V,A,V,V,G,E,L,E,H,Y,R,D,D,S,H,L,A,T,V,L,C,A,A,M,S,S,A,A,T,V,G,G,P,A,G,L,T,A,F,Q,G,D,N,R,W,E,E,L,A,L,P,G,D,R,D,A,A,K,L,T,S,Q,A,R,S,R,Q,L,M,D,D,R,P,L,P,G,K,T,A,G,E,R,G,A,A,P,N,N,K,A,E,R,I,V,V,I,Y,L,R,D,T,P,A,S,M,A,E,R,N,Q,Q,I,A,G,I,G,A,A,L,I,E,H,W,Q,R
SHV-51,M,R,Y,I,R,L,C,I,I,S,L,A,T,L,P,A,H,A,P,E,L,S,Q,L,R,I,E,L,A,G,T,W,R,E,R,M,S,T,V,A,V,V,G,E,L,E,H,Y,R,D,D,S,H,L,A,T,V,L,C,A,A,M,S,S,A,A,T,V,G,G,L,A,G,L,T,A,F,Q,G,D,N,R,W,E,E,L,A,L,P,A,D,R,D,A,A,K,L,T,S,Q,A,R,S,R,Q,L,M,D,D,R,P,L,P,G,K,T,A,G,E,R,G,A,A,P,N,N,K,A,E,R,I,V,V,I,Y,L,R,D,T,P,A,S,M,A,E,R,N,Q,Q,I,A,G,I,G,A,A,L,I,E,H,W,Q,R
SHV-143,M,R,Y,I,R,L,C,I,I,S,L,A,T,L,P,A,H,A,P,E,L,S,Q,L,R,I,E,L,A,G,T,W,R,E,R,M,S,T,V,A,V,V,G,E,L,E,H,Y,R,D,D,S,H,L,A,T,V,L,C,A,A,M,S,S,A,A,T,V,G,G,P,A,G,L,T,A,F,Q,G,D,N,L,W,E,E,L,A,L,P,G,D,R,D,A,A,K,L,T,S,Q,A,R,S,R,Q,L,M,D,D,R,P,L,P,G,K,T,A,G,E,R,G,A,A,P,N,N,K,A,E,R,I,V,V,I,Y,L,R,D,T,P,A,S,M,A,E,R,N,Q,Q,I,A,G,I,G,A,A,L,I,E,H,W,Q,R
SHV-104,M,R,Y,I,R,L,C,I,I,S,L,A,T,L,P,A,H,A,P,E,L,S,Q,L,R,I,E,L,A,G,T,W,R,E,R,M,S,T,V,A,V,V,G,E,L,E,H,Y,R,D,D,S,H,L,A,T,V,L,C,A,A,M,S,S,A,A,T,V,G,G,P,A,G,L,T,A,F,Q,G,D,N,R,W,E,E,L,A,L,P,G,D,R,D,A,A,K,L,T,S,Q,A,S,S,R,Q,L,M,D,D,R,P,L,P,G,K,T,A,G,E,R,G,A,A,P,N,N,K,A,E,R,I,V,V,I,Y,L,R,D,T,P,A,S,M,A,E,R,N,Q,Q,I,A,G,I,G,A,A,L,I,E,H,W,Q,R
SHV-140,K,R,Y,I,R,L,C,I,I,S,L,A,T,L,P,A,H,A,P,E,L,S,Q,L,R,I,E,L,A,G,T,W,R,E,R,M,S,T,V,A,V,V,G,E,L,E,H,Y,S,D,D,S,H,L,A,T,V,L,C,A,A,M,S,S,A,A,T,V,G,G,P,A,G,L,T,A,F,Q,G,D,N,R,W,E,E,L,A,L,P,G,D,R,D,A,A,K,L,T,S,Q,A,R,S,R,Q,L,M,D,D,R,P,L,P,G,K,T,A,G,E,R,G,A,A,P,N,N,K,A,E,R,I,V,V,I,Y,L,R,D,T,P,A,S,M,A,E,R,N,Q,Q,I,A,G,I,G,A,A,L,I,E,H,W,Q,R
SHV-187,K,R,Y,I,R,L,C,I,I,S,L,A,T,L,P,A,H,A,P,E,L,S,Q,L,R,I,E,L,A,G,T,W,R,E,R,M,S,T,V,A,V,V,G,E,L,E,H,Y,R,D,D,S,H,L,A,T,V,L,C,A,A,M,S,S,A,A,T,V,G,G,P,A,G,L,T,A,F,Q,G,D,N,R,W,E,E,L,A,L,P,G,D,R,D,A,A,K,L,T,S,Q,A,R,S,R,Q,L,M,D,D,R,P,L,P,G,K,T,A,G,E,R,G,A,A,P,N,N,K,A,E,R,I,V,V,I,Y,L,R,D,T,P,A,S,M,A,E,R,N,Q,Q,I,A,G,I,G,A,A,L,I,E,H,W,Q,R
SHV-110,M,R,Y,I,R,L,C,I,I,S,L,A,T,L,P,A,H,A,P,E,Q,S,Q,L,R,I,E,L,A,G,T,W,R,E,R,M,S,T,V,A,V,V,G,E,L,E,H,Y,R,D,D,S,H,L,A,T,V,L,C,A,A,M,S,S,A,A,T,V,G,G,P,A,G,L,T,A,F,Q,D,D,N,R,W,E,E,L,A,L,P,G,D,R,D,A,A,K,L,T,S,Q,A,R,S,R,Q,L,M,D,D,R,P,L,P,G,K,T,A,G,E,R,G,A,A,P,N,N,K,A,E,R,I,V,V,I,Y,L,R,D,T,P,A,S,M,A,E,R,N,Q,Q,I,A,G,I,G,A,A,L,I,E,H,W,Q,R
SHV-123,M,R,Y,I,R,L,C,I,I,S,L,A,T,L,P,A,H,A,P,E,Q,S,Q,L,R,I,E,L,A,G,T,W,R,E,R,M,S,T,V,A,V,V,G,E,L,E,H,Y,R,D,D,S,H,L,A,T,V,L,C,A,A,M,S,S,A,A,T,V,G,G,P,A,G,L,T,A,F,Q,G,D,N,R,W,E,E,L,A,L,P,G,D,R,D,A,A,K,L,T,S,Q,A,R,S,R,Q,L,M,D,D,R,P,L,P,G,K,T,A,S,K,R,G,A,A,G,N,I,K,A,E,R,I,V,V,I,Y,L,R,D,T,P,A,S,M,A,E,R,N,Q,-,-,-,-,-,-,-,-,-,-,-,-,-,-,-
SHV-2A,M,R,Y,I,R,L,C,I,I,S,L,A,T,L,P,A,H,A,P,E,Q,S,Q,L,R,I,E,L,A,G,T,W,R,E,R,M,S,T,V,A,V,V,G,E,L,E,H,Y,R,D,D,S,H,L,A,T,V,L,C,A,A,M,S,S,A,A,T,V,G,G,P,A,G,L,T,A,F,Q,G,D,N,R,W,E,E,L,A,L,P,G,D,R,D,A,A,K,L,T,S,Q,A,R,S,R,Q,L,M,D,D,R,P,L,P,G,K,T,A,S,E,R,G,A,A,P,N,N,K,A,E,R,I,V,V,I,Y,L,R,D,T,P,A,S,M,A,E,R,N,Q,Q,I,A,G,I,G,A,A,L,I,E,H,W,Q,R
SHV-23,-,-,-,-,-,-,-,-,-,-,M,A,T,L,P,A,H,A,P,E,L,S,Q,L,R,I,E,L,A,G,T,W,R,E,R,M,S,T,V,A,V,V,G,E,L,E,H,Y,R,D,D,S,H,L,A,T,V,F,C,A,A,M,S,S,A,A,T,V,G,G,P,A,G,L,T,A,F,Q,G,D,N,R,W,E,E,L,A,L,P,G,D,R,D,A,G,K,L,T,S,Q,A,R,S,R,Q,L,M,D,D,R,P,L,P,G,K,T,A,S,K,R,G,A,A,P,N,N,K,A,E,R,I,V,V,I,Y,L,R,D,T,P,A,S,M,A,E,R,N,-,-,-,-,-,-,-,-,-,-,-,-,-,-,-,-
SHV-86,M,R,F,I,R,L,C,I,I,S,L,A,T,L,P,A,H,A,P,E,Q,S,Q,L,R,I,E,L,A,G,T,W,R,E,R,M,S,T,V,A,V,V,G,E,L,E,H,Y,R,D,D,S,H,L,A,T,V,L,C,A,A,M,S,S,A,A,T,V,G,G,P,A,G,L,T,A,F,Q,G,D,N,R,W,E,E,L,A,L,P,G,D,R,D,A,A,K,L,T,S,Q,A,R,S,R,Q,L,M,D,D,R,P,L,P,G,K,T,A,S,R,R,G,A,A,P,N,N,K,A,E,R,I,V,V,I,Y,L,R,D,T,P,A,S,M,A,E,R,N,Q,Q,I,A,G,I,G,A,A,L,I,E,H,W,Q,R
SHV-45,M,R,Y,I,R,L,C,I,I,S,L,A,T,L,P,A,H,A,P,E,L,S,Q,L,R,I,E,L,A,G,T,W,R,E,R,M,S,T,V,A,V,V,G,E,L,E,H,Y,R,D,D,S,H,L,A,T,V,L,C,A,A,M,S,S,A,A,T,V,G,G,P,A,G,L,T,A,F,Q,D,D,N,R,W,E,E,L,A,L,P,G,D,R,D,A,A,K,L,T,S,Q,A,R,S,R,Q,L,M,D,D,R,P,L,P,G,K,T,A,S,K,R,G,A,A,P,N,N,K,A,E,R,I,V,V,I,Y,L,R,D,T,P,A,S,M,A,E,R,N,Q,Q,I,A,G,I,G,A,A,L,I,E,H,W,Q,R
SHV-154,M,R,Y,I,R,L,C,I,I,S,L,A,T,L,P,A,H,A,P,E,L,S,Q,L,S,I,E,L,A,G,T,W,R,E,R,M,S,T,V,A,V,V,G,E,L,E,H,Y,R,D,D,S,H,L,A,T,V,L,C,A,A,M,S,S,A,A,T,V,G,G,P,A,G,L,T,A,F,Q,G,D,N,R,W,E,E,L,A,L,P,G,D,R,D,A,A,K,L,T,S,Q,A,R,S,R,Q,L,M,D,D,R,P,L,P,G,K,T,A,S,K,R,G,A,A,P,N,N,K,A,E,R,I,V,V,I,Y,L,R,D,T,P,A,S,M,A,E,R,N,Q,Q,I,A,G,I,G,A,A,L,I,E,H,W,Q,R
SHV-84,M,R,Y,I,R,L,C,I,I,S,L,A,T,L,P,A,H,A,P,E,L,S,Q,L,R,I,E,L,A,G,T,W,R,E,R,M,S,T,V,A,V,V,G,E,L,E,H,Y,R,D,D,S,H,L,A,T,V,L,C,A,A,M,S,S,A,A,T,V,G,G,P,A,G,L,T,A,F,Q,G,D,N,R,W,E,E,L,A,L,P,G,D,R,D,A,A,K,L,T,S,Q,A,R,S,R,Q,L,M,D,D,R,P,L,P,G,R,T,A,G,E,R,G,A,A,P,N,N,K,A,E,R,I,V,V,I,Y,L,R,D,T,P,A,S,M,A,E,R,N,Q,Q,I,A,G,I,G,A,A,L,I,E,H,W,Q,R
SHV-70,M,R,Y,I,R,L,C,I,I,S,L,A,T,L,P,A,H,A,P,E,Q,S,Q,L,R,I,E,L,A,G,T,W,R,E,R,M,S,T,V,A,V,V,G,E,L,E,H,Y,R,D,D,S,H,L,A,T,V,L,C,A,A,M,S,S,A,A,T,V,G,G,P,A,G,V,T,A,F,Q,G,D,N,R,W,E,E,L,A,L,P,G,D,R,D,A,A,K,L,T,S,Q,A,R,S,R,Q,L,M,D,D,R,P,L,P,G,K,T,A,G,E,R,G,A,A,P,N,N,K,A,E,R,I,V,V,I,Y,L,R,D,T,P,A,S,M,A,E,R,N,Q,Q,I,A,G,I,G,A,A,L,I,E,H,W,Q,R
SHV-95,M,R,Y,I,R,L,C,I,I,S,L,A,T,L,P,A,H,A,P,E,L,S,Q,L,R,I,E,L,A,G,T,W,R,E,R,M,S,T,V,A,V,V,G,E,L,E,H,Y,R,D,D,S,H,L,A,T,V,L,C,A,A,M,S,S,A,A,T,V,G,G,P,A,G,L,T,A,F,Q,G,D,N,R,W,E,E,L,A,L,P,G,D,R,D,A,A,K,L,T,S,Q,A,R,L,R,Q,L,M,D,D,R,P,L,P,G,K,T,A,G,E,R,G,A,A,P,N,N,K,A,E,R,I,V,V,I,Y,L,R,D,T,P,A,S,M,A,E,R,N,Q,Q,I,A,G,I,G,A,A,L,I,E,H,W,Q,R
SHV-40,M,R,Y,I,R,L,C,I,I,S,L,A,T,L,P,A,H,A,P,E,Q,S,Q,L,R,I,E,L,A,G,T,W,R,E,R,M,S,T,V,A,V,V,G,E,L,E,H,Y,R,D,D,S,H,L,A,T,V,L,C,A,A,M,S,S,A,A,T,V,G,G,P,A,G,L,T,A,F,Q,G,D,N,R,W,E,E,L,A,L,P,G,D,R,D,A,A,K,L,T,S,Q,A,R,S,R,Q,L,M,D,D,R,P,L,P,G,K,T,A,G,E,R,G,G,A,P,N,N,K,A,E,R,I,V,V,I,Y,L,R,D,T,P,A,S,M,A,E,R,N,Q,Q,I,A,G,I,G,A,A,L,I,E,H,W,Q,R
SHV-111,M,R,Y,I,R,L,C,I,I,S,L,A,T,L,P,A,H,A,P,E,L,S,Q,L,R,I,E,L,A,G,T,W,R,E,R,M,S,T,V,A,V,V,G,E,L,E,H,Y,R,D,D,S,H,L,A,T,V,L,C,A,A,M,S,S,A,A,T,V,G,G,P,A,G,L,T,A,F,Q,G,D,N,R,W,E,E,L,A,L,S,G,D,R,D,A,A,K,L,T,S,Q,A,R,S,R,Q,L,M,D,D,R,P,L,P,G,K,T,A,G,E,R,G,A,A,P,N,N,K,A,E,R,I,V,V,I,Y,L,R,D,T,P,A,S,M,A,E,R,N,Q,Q,I,A,G,I,G,A,A,L,I,E,H,W,Q,R
SHV-73,M,R,-,I,R,L,C,I,I,S,L,A,T,L,P,A,H,A,P,E,L,S,Q,L,R,I,E,L,A,G,T,W,R,E,R,M,S,T,V,A,V,V,G,E,L,E,H,Y,R,D,D,S,H,L,A,T,V,L,C,A,A,M,S,S,A,A,T,V,G,G,P,V,G,L,T,A,F,Q,G,D,N,R,W,E,E,L,A,L,P,G,D,R,D,A,A,K,L,T,S,Q,A,R,S,R,Q,L,M,D,D,R,P,L,P,G,R,T,A,G,E,R,G,A,A,P,N,N,K,A,E,R,I,V,V,I,Y,L,R,D,T,P,A,S,M,A,E,R,N,Q,Q,I,A,G,I,G,A,A,L,I,E,H,W,Q,R
SHV-151,M,R,Y,I,R,L,C,I,I,S,L,A,T,L,P,A,H,A,P,E,L,S,Q,P,S,I,E,L,A,G,T,W,R,E,R,M,S,T,V,A,V,V,G,E,L,E,H,Y,R,D,D,S,H,L,A,T,V,L,C,A,A,M,S,S,A,A,T,V,G,G,P,A,G,L,T,A,F,Q,G,D,N,R,W,E,E,L,A,L,P,G,D,R,D,A,A,K,L,T,S,Q,A,R,S,R,Q,L,M,D,D,R,P,L,P,G,K,T,A,G,E,R,G,A,A,P,N,N,K,A,E,R,I,V,V,I,Y,L,R,D,T,P,A,S,M,A,E,R,N,Q,Q,I,A,G,I,G,A,A,L,I,E,H,W,Q,R
SHV-16,M,R,Y,I,R,L,C,I,I,S,L,A,T,L,P,A,H,A,P,E,L,S,Q,L,R,I,E,L,A,G,T,W,R,E,R,M,S,T,V,A,V,V,G,E,L,E,T,H,R,D,D,S,H,L,A,T,V,L,C,A,A,M,S,S,A,A,T,V,G,G,P,A,G,L,T,A,F,Q,G,D,N,R,W,E,D,L,A,L,P,G,D,R,D,A,A,K,L,T,S,Q,A,R,S,R,Q,L,M,D,D,R,P,L,P,G,K,T,A,G,E,R,G,A,A,P,N,N,K,A,E,R,I,V,V,I,Y,L,R,D,T,P,A,S,M,A,E,R,N,Q,Q,I,A,G,I,G,A,A,L,I,E,H,W,Q,R
SHV-28,M,R,F,I,R,L,C,I,I,S,L,A,T,L,P,A,H,A,P,E,L,S,Q,L,R,I,E,L,A,G,T,W,R,E,R,M,S,T,V,A,V,V,G,E,L,E,H,Y,R,D,D,S,H,L,A,T,V,L,C,A,A,M,S,S,A,A,T,V,G,G,P,A,G,L,T,A,F,Q,G,D,N,R,W,E,E,L,A,L,P,G,D,R,D,A,A,K,L,T,S,Q,A,R,S,R,Q,L,M,D,D,R,P,L,P,G,K,T,A,G,E,R,G,A,A,P,N,N,K,A,E,R,I,V,V,I,Y,L,R,D,T,P,A,S,M,A,E,R,N,Q,Q,I,A,G,I,G,A,A,L,I,E,H,W,Q,R
SHV-148,M,R,Y,I,R,L,C,I,I,S,L,A,T,L,P,A,H,A,P,E,L,S,Q,L,R,I,E,L,A,G,T,W,R,E,R,M,S,T,V,A,V,V,G,E,L,E,H,Y,R,D,D,S,H,L,A,T,V,L,C,A,A,M,S,S,A,A,T,V,G,G,P,A,G,L,T,A,F,Q,G,D,N,R,W,E,E,L,A,L,P,G,D,R,D,A,A,K,L,T,S,Q,A,R,S,R,Q,L,M,D,D,R,P,L,P,G,K,T,A,G,E,R,G,A,A,P,N,N,K,A,E,R,I,V,V,I,Y,L,R,D,T,P,A,S,M,A,E,R,N,Q,Q,I,A,G,I,G,A,A,L,I,E,H,W,Q,Q
SHV-159,M,R,Y,I,R,L,C,I,I,S,L,A,T,L,P,A,H,A,P,E,Q,S,Q,L,R,I,E,L,A,G,T,W,R,E,R,M,S,T,V,A,V,V,G,E,L,E,H,Y,R,D,D,S,H,L,A,T,V,L,C,A,A,M,S,S,A,A,T,V,G,G,P,A,G,L,T,A,F,Q,G,D,N,R,W,E,E,L,A,L,P,G,D,R,D,A,A,K,L,T,S,Q,A,R,S,R,Q,L,M,G,D,R,P,L,P,G,K,T,A,G,E,R,G,A,A,P,N,N,K,A,E,R,I,V,V,I,Y,L,R,D,T,P,A,S,M,A,E,R,N,Q,Q,I,A,G,I,G,A,A,L,I,E,H,W,Q,R
SHV-183,M,R,Y,I,R,L,C,I,I,S,L,A,T,L,P,A,H,A,P,E,Q,S,Q,L,R,I,E,L,A,G,T,W,R,E,R,M,S,T,V,A,V,V,G,E,L,E,H,Y,R,D,D,S,H,L,A,T,V,L,C,A,A,M,S,S,A,A,T,V,G,G,P,A,G,L,T,A,F,Q,G,D,N,R,W,E,E,L,A,L,P,G,D,R,D,A,A,K,L,T,S,Q,A,R,S,R,Q,L,M,D,D,R,P,L,P,G,K,T,A,S,K,R,G,A,A,P,N,N,K,A,E,R,I,V,V,I,Y,L,R,D,T,P,A,S,M,A,E,R,N,Q,Q,I,A,G,I,G,A,A,L,I,E,H,W,Q,R
SHV-120,M,R,Y,I,R,L,C,I,I,S,L,A,T,L,P,A,H,A,P,E,L,S,Q,L,R,I,E,L,A,G,T,W,R,E,R,M,S,T,V,A,V,V,G,E,L,E,H,Y,R,D,D,S,H,L,A,T,V,L,C,A,A,M,S,S,A,A,T,V,G,G,P,A,G,L,T,A,F,Q,G,D,N,R,W,E,E,L,A,L,P,G,D,R,D,A,A,K,L,T,S,Q,A,R,S,R,Q,L,M,D,D,R,P,L,P,G,K,T,A,G,K,R,G,A,A,P,N,N,K,A,E,R,I,V,V,I,Y,L,R,D,T,P,A,S,M,A,E,R,N,Q,Q,I,A,G,I,G,A,A,L,I,E,H,W,Q,R
SHV-5,M,R,Y,I,R,L,C,I,I,S,L,A,T,L,P,A,H,A,P,E,L,S,Q,L,R,I,E,L,A,G,T,W,R,E,R,M,S,T,V,A,V,V,G,E,L,E,H,Y,R,D,D,S,H,L,A,T,V,L,C,A,A,M,S,S,A,A,T,V,G,G,P,A,G,L,T,A,F,Q,G,D,N,R,W,E,E,L,A,L,P,G,D,R,D,A,A,K,L,T,S,Q,A,R,S,R,Q,L,M,D,D,R,P,L,P,G,K,T,A,S,K,R,G,A,A,P,N,N,K,A,E,R,I,V,V,I,Y,L,R,D,T,P,A,S,M,A,E,R,N,Q,Q,I,A,G,I,G,A,A,L,I,E,H,W,Q,R
SHV-127,M,R,F,I,R,L,C,I,I,S,L,A,T,L,P,A,H,A,P,E,L,S,Q,L,R,I,E,L,A,G,T,W,R,E,R,M,S,T,V,A,V,V,G,E,L,E,H,Y,R,D,D,S,H,L,A,T,V,L,C,A,A,M,S,S,A,A,T,V,G,G,P,A,G,L,T,A,F,Q,G,D,N,R,W,E,E,L,A,L,P,G,D,R,D,A,A,K,L,T,S,Q,A,R,S,R,Q,L,M,D,D,R,P,L,P,G,K,T,A,G,E,R,G,A,A,P,N,N,N,A,E,R,M,V,V,I,Y,L,R,D,T,P,A,S,M,A,E,R,N,Q,-,-,-,-,-,-,-,-,-,-,-,-,-,-,-
SHV-27,M,R,Y,I,R,L,C,I,I,S,L,A,T,L,P,A,H,A,P,E,L,S,Q,L,R,I,E,L,A,G,T,W,R,E,R,M,S,T,V,A,V,V,G,E,L,E,H,Y,R,D,D,S,H,L,A,T,V,L,C,A,A,M,S,S,A,A,T,V,G,G,P,A,G,L,T,A,F,Q,D,D,N,R,W,E,E,L,A,L,P,G,D,R,D,A,A,K,L,T,S,Q,A,R,S,R,Q,L,M,D,D,R,P,L,P,G,K,T,A,G,E,R,G,A,A,P,N,N,K,A,E,R,I,V,V,I,Y,L,R,D,T,P,A,S,M,A,E,R,N,Q,Q,I,A,G,I,G,A,A,L,I,E,H,W,Q,R
SHV-29,M,R,Y,I,R,L,C,I,I,S,L,A,T,L,P,A,H,A,P,E,Q,S,Q,L,S,I,E,L,A,G,T,W,R,E,R,M,S,T,V,A,V,V,G,E,L,E,H,Y,R,D,D,S,H,L,A,T,V,L,C,A,A,M,S,S,A,A,T,V,G,G,P,A,G,L,T,A,F,Q,G,D,N,R,W,E,E,L,A,L,P,G,D,R,D,A,A,K,L,T,S,Q,A,R,S,R,Q,L,M,D,D,R,P,L,P,G,K,T,A,A,E,R,G,A,A,P,N,N,K,A,E,R,I,V,V,I,Y,L,R,D,T,P,A,S,M,A,E,R,N,Q,Q,I,A,G,I,G,A,A,L,I,E,H,W,Q,R
SHV-160,M,R,Y,I,R,L,C,I,I,S,L,A,T,L,P,A,H,A,P,E,Q,G,Q,L,R,I,E,L,A,G,T,W,R,E,R,M,S,T,V,A,V,V,G,E,L,E,H,Y,R,D,D,S,H,L,A,T,V,L,C,A,A,M,S,S,A,A,T,V,G,G,P,A,G,L,T,A,F,Q,G,D,N,R,W,E,E,L,A,L,P,G,D,R,D,A,A,K,L,T,S,Q,A,R,S,R,Q,L,M,D,D,R,P,L,P,G,K,T,A,S,K,R,G,A,A,P,N,N,K,A,E,R,I,V,V,I,Y,L,R,D,T,P,A,S,M,A,E,R,N,Q,Q,I,A,G,I,G,A,A,L,I,E,H,W,Q,R
SHV-98,M,R,Y,I,R,L,C,I,I,S,L,A,T,L,P,A,H,A,P,E,L,S,Q,L,R,I,E,L,A,G,T,W,R,E,R,M,S,T,V,A,V,V,G,E,L,E,H,Y,R,D,D,S,H,L,A,T,V,L,C,A,A,M,S,S,A,A,T,V,G,G,P,A,G,L,T,A,F,Q,G,D,N,R,W,E,E,L,A,L,P,G,D,R,D,A,A,K,L,T,S,Q,A,R,S,R,Q,L,M,D,D,R,P,L,P,G,K,T,A,G,E,R,G,A,A,P,N,N,K,A,E,R,I,V,V,I,Y,L,R,D,T,P,A,I,M,A,E,R,N,Q,Q,I,A,G,I,G,A,A,L,I,E,H,W,Q,R
SHV-50,M,R,Y,I,R,L,C,I,I,S,L,A,T,L,P,A,H,A,P,E,L,S,Q,L,R,I,E,L,A,G,T,W,R,E,R,M,S,T,V,A,V,V,G,E,L,E,H,Y,R,D,D,S,H,L,A,T,V,L,C,A,A,M,S,S,A,A,T,V,G,G,P,A,G,L,T,A,F,Q,G,D,N,R,W,E,E,L,A,L,P,G,D,R,D,T,A,K,L,T,S,Q,A,R,S,R,H,L,M,D,D,R,P,L,P,G,K,T,A,G,E,R,G,A,A,P,N,N,K,A,E,R,I,V,V,I,Y,L,R,D,T,P,A,S,M,A,E,R,N,Q,Q,I,A,G,I,G,A,A,L,I,E,H,W,Q,R
SHV-155,M,R,Y,I,R,L,C,I,I,S,L,A,T,L,P,A,H,A,P,E,Q,S,Q,L,R,I,E,L,A,G,T,W,R,E,R,M,S,T,V,A,V,V,G,E,L,E,H,Y,R,D,D,S,H,L,A,T,V,L,C,A,A,M,S,S,A,A,T,V,G,G,P,A,G,L,T,A,F,Q,G,D,N,R,W,E,E,L,A,L,P,G,D,R,D,A,A,K,L,T,S,Q,A,R,S,R,Q,L,M,D,D,R,P,L,P,G,K,T,A,G,E,R,G,A,A,P,N,N,K,A,E,R,I,V,V,I,Y,L,R,D,T,P,A,S,M,A,E,R,N,Q,Q,I,A,G,I,G,A,A,L,I,E,H,W,Q,Q
SHV-189,M,R,Y,F,R,L,C,I,I,S,L,A,T,L,P,A,H,A,P,E,L,S,Q,L,S,I,E,L,A,G,T,W,R,E,R,M,S,T,V,A,V,V,G,E,L,E,H,Y,R,D,D,S,H,L,A,T,V,L,C,A,A,M,S,S,A,A,T,V,G,G,P,A,G,L,T,A,F,Q,G,D,N,R,W,E,E,L,A,L,P,G,D,R,D,A,A,K,L,T,S,Q,A,R,S,R,Q,L,M,D,D,R,P,L,P,G,K,T,A,G,K,R,G,A,A,P,N,N,K,A,E,R,I,V,V,I,Y,L,R,D,T,P,A,S,M,A,E,R,N,Q,Q,I,A,G,I,G,A,A,L,I,E,H,W,Q,R
SHV-44,M,R,Y,I,R,L,C,I,I,S,L,A,T,L,P,A,H,A,P,E,L,S,Q,L,R,I,E,L,A,G,T,W,R,E,R,M,S,T,V,A,V,V,G,E,L,E,H,Y,R,D,D,S,H,L,A,T,V,L,C,A,A,M,S,S,A,A,T,V,G,G,P,A,G,L,T,A,F,Q,G,D,N,R,W,E,E,L,A,L,P,G,D,R,D,A,A,K,L,T,S,Q,A,R,S,L,Q,L,M,D,D,R,P,L,P,G,K,T,A,G,E,R,G,A,A,P,N,N,K,A,E,R,I,V,V,I,Y,L,R,D,T,P,A,S,M,A,E,R,N,Q,Q,I,A,G,I,G,A,A,L,I,E,H,W,Q,R
SHV-144,M,R,Y,I,R,L,C,I,I,S,L,A,T,L,P,A,H,A,P,E,Q,S,Q,L,R,I,E,L,A,G,T,W,R,E,R,M,S,T,V,A,V,V,G,E,L,E,H,Y,R,D,D,S,H,L,A,T,V,L,C,A,A,M,S,S,A,A,T,V,G,G,P,V,G,L,T,A,F,Q,G,D,N,R,W,E,E,L,A,L,P,G,D,R,D,A,A,K,L,T,S,Q,A,R,S,R,Q,L,M,D,D,R,P,L,P,G,K,T,A,G,E,R,G,A,A,P,N,N,K,A,E,R,I,V,V,I,Y,L,R,D,T,P,A,S,M,A,E,R,N,Q,Q,I,A,G,I,G,A,A,L,I,E,H,W,Q,R
SHV-7,M,R,Y,F,R,L,C,I,I,S,L,A,T,L,P,A,H,A,P,E,L,S,Q,L,S,I,E,L,A,G,T,W,R,E,R,M,S,T,V,A,V,V,G,E,L,E,H,Y,R,D,D,S,H,L,A,T,V,L,C,A,A,M,S,S,A,A,T,V,G,G,P,A,G,L,T,A,F,Q,G,D,N,R,W,E,E,L,A,L,P,G,D,R,D,A,A,K,L,T,S,Q,A,R,S,R,Q,L,M,D,D,R,P,L,P,G,K,T,A,S,K,R,G,A,A,P,N,N,K,A,E,R,I,V,V,I,Y,L,R,D,T,P,A,S,M,A,E,R,N,Q,Q,I,A,G,I,G,A,A,L,I,E,H,W,Q,R
SHV-145,M,R,Y,I,R,L,C,I,I,S,L,A,T,L,P,A,H,A,P,E,L,S,Q,L,R,I,E,L,A,G,T,W,R,E,R,M,S,T,V,A,V,V,G,E,L,E,H,Y,R,D,D,S,H,L,A,T,V,R,C,A,A,M,S,S,A,A,T,V,G,G,P,A,G,L,T,A,F,Q,G,D,N,R,W,E,E,L,A,L,P,G,D,R,D,A,A,K,L,T,S,Q,A,R,S,R,Q,L,M,D,D,R,P,L,P,G,K,T,A,G,E,R,G,A,A,P,N,N,K,A,E,R,I,V,V,I,Y,L,R,D,T,P,A,S,M,A,E,R,N,Q,Q,I,A,G,I,G,A,A,L,I,E,H,W,Q,R
SHV-178,M,R,Y,I,R,L,C,I,I,S,L,A,T,L,P,A,H,A,P,E,Q,S,Q,L,R,I,E,L,A,G,T,W,R,E,R,M,S,T,V,A,V,V,G,E,L,E,H,Y,R,D,D,S,H,L,A,T,V,L,C,A,A,M,S,S,A,A,T,V,G,G,P,A,G,L,T,A,F,Q,G,D,N,R,W,E,E,L,A,L,P,G,D,R,D,A,A,K,L,T,S,Q,A,R,S,R,Q,L,V,D,D,R,P,L,P,G,K,T,A,G,E,R,G,A,A,P,N,N,K,A,E,R,I,V,V,I,Y,L,R,D,T,P,A,S,M,A,E,R,N,Q,Q,I,A,G,I,G,A,A,L,I,E,H,W,Q,R
SHV-165,M,R,Y,I,R,L,C,I,I,S,L,A,P,L,P,A,H,A,P,E,L,S,Q,L,R,I,E,L,A,G,T,W,R,E,R,M,S,T,V,A,V,V,G,E,L,E,H,Y,R,D,D,S,H,L,A,T,V,L,C,A,A,M,S,S,A,A,T,V,G,G,P,A,G,L,T,A,F,Q,G,D,N,R,W,E,E,L,A,L,P,G,D,R,D,A,A,K,L,T,S,Q,A,R,S,R,Q,L,M,D,D,R,P,L,P,G,K,T,A,S,K,R,G,A,A,P,N,N,K,A,E,R,I,V,V,I,Y,L,R,D,T,P,A,S,M,A,E,R,N,Q,Q,I,A,G,I,G,A,A,L,I,E,H,W,Q,R
SHV-163,M,R,Y,I,R,L,C,I,I,S,L,A,T,L,P,A,H,A,P,E,L,S,Q,L,S,I,E,L,A,G,T,W,R,E,R,M,S,T,V,A,V,V,G,E,L,E,H,Y,R,D,D,S,H,L,A,T,V,L,C,A,A,M,S,S,A,A,T,V,G,G,P,A,G,L,T,A,F,Q,G,D,N,R,W,E,E,L,A,L,P,G,D,R,D,A,A,K,L,T,S,Q,A,R,S,R,Q,L,M,D,D,R,P,L,P,G,K,T,A,S,E,R,G,A,A,P,N,N,K,A,E,R,I,V,V,I,Y,L,R,D,T,P,A,S,M,A,E,R,N,Q,Q,I,A,G,I,G,A,A,L,I,E,H,W,Q,Q
SHV-179,M,R,Y,I,R,L,C,I,I,S,L,A,T,L,P,A,H,A,P,E,L,S,Q,L,R,I,E,L,A,G,T,W,R,E,R,M,N,T,V,A,V,V,G,E,L,E,H,Y,R,D,D,S,H,L,A,T,V,L,C,A,A,M,S,S,A,A,T,V,G,G,P,A,G,L,T,A,F,Q,G,D,N,R,W,E,E,L,A,L,P,G,D,R,D,A,A,K,L,T,S,Q,A,R,S,R,Q,L,M,D,D,R,P,L,P,G,K,T,A,G,E,R,G,A,A,P,N,N,K,A,E,R,I,V,V,I,Y,L,R,D,T,P,A,S,M,A,E,R,N,Q,Q,I,A,G,I,G,A,A,L,I,E,H,W,Q,R
SHV-3,M,R,Y,I,R,L,C,I,I,S,L,A,T,L,P,A,H,A,P,E,L,S,Q,L,R,I,E,L,A,G,T,W,R,E,R,M,S,T,V,A,V,V,G,E,L,E,H,Y,R,D,D,S,H,L,A,T,V,L,C,A,A,M,S,S,A,A,T,V,G,G,P,A,G,L,T,A,F,Q,G,D,N,R,W,E,E,L,A,L,P,G,D,R,D,A,A,K,L,T,S,Q,A,R,S,L,Q,L,M,D,D,R,P,L,P,G,K,T,A,S,E,R,G,A,A,P,N,N,K,A,E,R,I,V,V,I,Y,L,R,D,T,P,A,S,M,A,E,R,N,Q,Q,I,A,G,I,G,A,A,L,I,E,H,W,Q,R
SHV-4,M,R,Y,I,R,L,C,I,I,S,L,A,T,L,P,A,H,A,P,E,L,S,Q,L,R,I,E,L,A,G,T,W,R,E,R,M,S,T,V,A,V,V,G,E,L,E,H,Y,R,D,D,S,H,L,A,T,V,L,C,A,A,M,S,S,A,A,T,V,G,G,P,A,G,L,T,A,F,Q,G,D,N,R,W,E,E,L,A,L,P,G,D,R,D,A,A,K,L,T,S,Q,A,R,S,L,Q,L,M,D,D,R,P,L,P,G,K,T,A,S,K,R,G,A,A,P,N,N,K,A,E,R,I,V,V,I,Y,L,R,D,T,P,A,S,M,A,E,R,N,Q,Q,I,A,G,I,G,A,A,L,I,E,H,W,Q,R
SHV-205,M,R,F,I,R,L,C,I,I,S,L,A,T,L,P,A,H,A,P,E,L,S,Q,L,R,I,E,L,A,G,T,W,R,E,R,M,S,T,V,A,V,V,G,E,L,E,H,Y,R,D,D,S,H,L,A,T,V,L,C,A,A,M,S,S,A,A,T,V,G,G,P,A,G,L,T,A,F,Q,G,D,N,R,W,E,E,L,A,L,P,G,D,R,D,A,A,K,L,T,S,Q,A,R,S,R,Q,L,M,D,A,R,P,L,P,G,K,T,A,G,E,R,G,A,A,P,N,N,K,A,E,R,I,V,V,I,Y,L,R,D,T,P,A,S,M,A,E,R,N,Q,Q,I,A,G,I,G,A,A,L,I,E,H,W,Q,R
SHV-222,M,R,Y,F,R,L,C,I,I,S,L,A,T,L,P,A,H,A,P,E,L,S,Q,L,R,I,E,L,A,G,T,W,R,E,R,M,S,T,V,A,V,V,G,E,L,E,H,Y,R,D,D,S,H,L,A,T,V,L,C,A,A,M,S,S,A,A,T,V,G,G,P,V,G,L,T,A,F,Q,G,D,N,R,W,E,E,L,A,L,P,G,D,R,D,A,A,K,L,T,S,Q,A,R,S,R,Q,L,M,D,D,R,P,M,P,G,K,T,A,G,E,R,G,A,A,P,N,N,K,A,E,R,I,V,V,I,Y,L,R,D,T,P,A,S,M,A,E,R,N,Q,Q,I,A,G,I,G,A,A,L,I,E,H,W,Q,R
SHV-198,M,R,Y,F,R,L,C,I,I,S,L,A,T,L,P,A,H,A,S,E,L,S,Q,L,R,I,E,L,A,G,T,W,R,E,R,M,S,T,V,A,V,V,G,E,L,E,H,Y,R,D,D,S,H,L,A,T,V,L,C,A,A,M,S,S,A,A,T,V,G,G,P,V,G,L,T,A,F,Q,G,D,N,R,W,E,E,L,A,L,P,G,D,R,D,A,A,K,L,T,S,Q,A,R,S,R,Q,L,M,D,D,R,P,L,P,G,K,T,A,G,E,R,G,A,A,P,N,N,K,A,E,R,I,V,V,I,Y,L,R,D,T,P,A,S,M,A,E,R,N,Q,Q,I,A,G,I,G,A,A,L,I,E,H,W,Q,R
SHV-195,M,R,Y,I,R,L,C,I,I,S,L,A,N,L,P,A,H,A,P,E,L,S,Q,L,R,I,E,L,A,G,T,W,R,E,R,M,S,T,V,A,V,V,G,E,L,E,H,Y,R,D,D,S,H,L,A,T,V,L,C,A,A,M,S,S,A,A,T,V,G,G,P,A,G,L,T,A,F,Q,G,D,N,R,W,E,E,L,A,L,S,G,D,R,D,A,A,K,L,T,S,Q,A,R,S,R,Q,L,M,D,D,R,P,L,P,G,K,T,A,G,E,R,G,A,A,P,N,N,K,A,E,R,I,V,V,I,Y,L,R,D,T,P,A,S,M,A,E,R,N,Q,Q,I,A,G,I,G,A,A,L,I,E,H,W,Q,R
SHV-201,M,R,Y,I,R,L,C,I,I,S,L,A,T,L,P,A,H,A,P,E,L,S,Q,L,R,I,E,L,A,G,T,W,H,E,R,M,S,T,V,A,V,M,G,E,L,E,H,Y,R,D,D,S,H,L,A,T,V,L,C,A,A,M,S,S,A,A,T,V,G,G,P,A,G,L,T,A,F,Q,G,D,N,R,W,E,E,L,A,L,P,G,D,R,D,A,A,K,L,T,S,Q,A,R,S,R,Q,L,M,D,D,R,P,L,P,G,K,T,A,G,E,R,G,A,A,P,N,N,K,A,E,R,I,V,V,I,Y,L,R,D,T,P,A,S,M,A,E,R,N,Q,Q,I,A,G,I,G,A,A,L,I,E,H,W,Q,R
SHV-212,M,R,Y,I,R,L,C,I,I,S,L,A,T,L,P,A,H,A,P,E,L,S,Q,L,R,I,E,L,A,G,T,W,R,E,R,M,S,T,V,A,V,M,G,E,L,E,H,Y,R,D,D,S,H,L,A,T,V,L,C,A,A,M,S,S,A,A,T,V,G,G,P,A,G,L,T,A,F,Q,G,D,N,R,W,E,E,L,A,L,P,G,D,R,D,A,A,K,L,T,S,Q,A,R,S,R,Q,L,M,D,D,R,P,L,P,G,K,T,A,G,E,R,G,A,A,P,N,N,K,A,E,R,I,V,V,I,Y,L,R,D,T,P,A,S,M,A,E,R,N,Q,Q,I,A,G,I,G,A,A,L,I,E,H,W,Q,R
SHV-204,M,R,Y,I,R,L,C,I,I,S,L,A,T,L,P,A,H,A,P,E,L,S,Q,L,R,I,E,L,A,G,T,W,R,E,R,M,S,T,V,A,V,V,D,E,L,E,H,Y,R,D,D,S,Y,L,A,T,V,L,C,A,A,M,S,S,A,A,T,V,G,G,P,V,G,L,T,A,F,Q,G,D,N,R,W,E,E,L,A,L,P,G,D,R,D,A,A,K,L,T,S,Q,A,R,S,R,Q,L,M,D,D,R,P,L,P,G,K,T,A,G,E,R,G,A,A,P,N,N,K,A,E,R,I,V,V,I,Y,L,R,D,T,P,A,S,M,A,E,R,N,Q,Q,I,A,G,I,G,A,A,L,I,E,H,W,Q,R
SHV-197,M,R,Y,I,R,L,C,I,I,S,L,A,T,L,P,A,H,A,P,E,L,S,Q,L,R,I,E,L,A,G,T,W,R,E,R,M,S,T,V,A,V,V,G,E,L,E,H,Y,R,D,D,S,H,L,A,T,V,L,C,A,A,M,S,G,A,A,T,V,G,G,P,A,G,L,T,A,F,Q,G,D,N,R,W,E,E,L,A,L,P,G,D,R,D,A,A,K,L,T,S,Q,A,R,S,R,Q,L,M,D,D,R,P,L,P,G,K,T,A,G,E,R,G,A,A,P,N,N,K,A,E,R,I,V,V,I,Y,L,R,D,T,P,A,S,M,A,E,R,N,Q,Q,I,A,G,I,G,A,A,L,I,E,H,W,Q,R
SHV-216,M,R,Y,I,R,L,C,I,I,S,L,A,T,L,P,A,H,A,P,E,L,S,Q,L,R,I,E,L,A,G,T,W,R,E,R,M,S,T,V,A,V,V,G,E,L,E,H,Y,R,D,D,S,H,L,A,T,V,L,C,A,A,M,S,S,A,A,T,V,G,G,P,A,E,L,T,A,F,Q,D,D,N,R,W,E,E,L,A,L,P,G,D,R,D,A,A,K,L,T,S,Q,A,R,S,R,Q,L,M,D,D,R,P,L,P,G,K,T,A,G,E,R,G,A,A,P,N,N,K,A,E,R,I,V,V,I,Y,L,R,D,T,P,A,S,M,A,E,R,N,Q,Q,I,A,G,I,G,A,A,L,I,E,H,W,Q,R
SHV-194,M,R,Y,I,R,L,C,I,I,S,L,A,T,L,P,A,H,A,P,E,L,S,Q,L,R,I,E,L,A,G,T,W,R,E,R,M,S,T,V,A,V,V,G,E,L,E,H,Y,R,D,D,S,H,L,A,T,V,L,C,A,A,M,S,S,A,A,T,V,G,G,P,A,G,L,T,A,F,Q,G,D,N,R,W,E,E,L,A,L,P,G,D,R,D,A,A,K,L,T,N,Q,A,R,S,R,Q,L,M,D,D,R,P,L,P,G,K,T,A,G,E,R,G,A,A,P,N,N,K,A,E,R,I,V,V,I,Y,L,R,D,T,P,A,S,M,A,E,R,N,Q,Q,I,A,G,I,G,A,A,L,I,E,H,W,Q,R
SHV-220,M,R,Y,I,R,L,C,I,I,S,L,A,T,L,P,A,H,A,P,E,L,S,Q,L,R,I,E,L,A,G,T,W,R,E,R,M,S,T,V,A,V,V,G,E,L,E,H,Y,R,D,D,S,H,L,A,T,V,L,C,A,A,M,S,S,A,A,T,V,G,G,P,A,G,L,T,A,F,Q,G,D,N,R,W,E,E,L,A,L,P,G,D,R,D,A,A,K,L,T,S,P,V,R,S,R,Q,L,M,D,D,G,P,L,P,G,K,T,A,G,E,R,G,A,A,P,N,N,K,A,E,R,I,V,V,I,Y,L,R,D,T,P,A,S,M,A,E,R,N,Q,Q,I,A,G,I,G,A,A,L,I,E,H,W,Q,R
SHV-210,M,R,Y,I,R,L,C,I,I,S,L,A,T,L,P,A,H,A,P,E,L,S,Q,L,R,I,E,L,A,G,T,W,R,E,R,M,S,T,V,A,V,V,G,E,L,E,H,Y,R,D,D,S,H,L,A,T,V,L,C,A,A,M,S,S,A,A,T,V,G,G,P,A,G,L,T,A,F,Q,G,D,N,R,W,E,E,L,A,L,P,G,D,R,D,A,A,K,L,T,S,Q,A,R,S,R,Q,L,M,D,D,L,P,L,P,G,K,T,A,G,E,R,G,A,A,P,N,N,K,A,E,R,I,V,V,I,Y,L,R,D,T,P,A,S,M,A,E,R,N,Q,Q,I,A,G,I,G,A,A,L,I,E,H,W,Q,R
SHV-208,M,R,Y,I,R,L,C,I,I,S,L,A,T,L,P,A,H,A,P,E,L,S,Q,L,R,I,E,L,A,G,T,W,R,E,R,M,S,T,V,A,V,V,G,E,L,E,H,Y,R,D,D,S,H,L,A,T,V,L,C,A,A,M,S,S,A,A,T,V,G,G,P,A,G,L,T,A,F,Q,G,D,N,R,W,E,E,L,A,L,P,G,D,R,D,A,A,K,L,T,S,Q,A,R,S,R,Q,L,M,D,D,R,P,L,P,D,K,T,A,G,E,R,G,A,A,P,N,N,K,A,E,R,I,V,V,I,Y,L,R,D,T,P,A,S,M,A,E,R,N,Q,Q,I,A,G,I,G,A,A,L,I,E,H,W,Q,R
SHV-206,M,R,Y,I,R,L,C,I,I,S,L,A,T,L,P,A,H,A,P,E,L,S,Q,L,R,I,E,L,A,G,T,W,R,E,R,M,S,T,V,A,V,V,G,E,L,E,H,Y,R,D,D,S,H,L,A,T,V,L,C,A,A,M,S,S,A,A,T,V,G,G,P,A,G,L,T,A,F,Q,G,D,N,R,W,E,E,L,A,L,P,G,D,R,D,A,A,K,L,T,S,Q,A,R,S,R,Q,L,M,D,D,R,P,L,P,G,K,T,A,G,E,R,G,A,A,L,N,N,K,A,E,R,I,V,V,I,Y,L,R,D,T,P,A,S,M,A,E,R,N,Q,Q,I,A,G,I,G,A,A,L,I,E,H,W,Q,R
SHV-226,M,R,Y,I,R,L,C,I,I,S,L,A,T,L,P,A,H,A,P,E,L,S,Q,L,R,I,E,L,A,G,T,W,R,E,R,M,S,T,V,A,V,V,G,E,L,E,H,Y,R,D,D,S,H,L,A,T,V,L,C,A,A,M,S,S,A,A,T,V,G,G,P,A,G,L,T,A,F,Q,G,D,N,R,W,E,E,L,A,L,P,G,D,R,D,A,A,K,L,T,S,Q,A,R,S,R,Q,L,M,D,D,R,P,L,P,G,K,T,A,G,E,R,G,A,A,P,N,N,K,A,E,R,I,V,V,I,Y,L,R,D,T,P,A,S,M,A,E,R,N,Q,Q,I,A,G,L,G,A,A,L,I,E,H,W,Q,R
SHV-196,M,R,Y,I,R,L,C,I,I,S,L,A,T,L,P,A,H,A,P,E,L,S,Q,L,R,I,E,L,A,G,T,W,R,E,R,M,S,T,V,A,V,V,G,E,L,E,H,Y,R,D,D,S,H,L,A,T,V,L,C,A,A,M,S,S,A,A,T,V,G,G,P,A,G,L,T,A,F,Q,G,D,N,R,W,E,E,L,A,L,P,G,D,R,D,A,A,K,L,T,S,Q,A,R,S,R,Q,L,M,D,D,R,P,L,P,G,K,T,A,G,E,R,G,A,A,P,N,N,K,A,E,R,I,V,V,I,Y,L,R,D,T,P,A,S,M,A,E,R,N,Q,Q,I,A,E,I,G,A,A,L,I,E,H,W,Q,R
SHV-211,M,R,Y,I,R,L,C,I,I,S,L,A,T,L,P,A,H,A,P,E,L,S,Q,L,R,I,E,L,A,G,T,W,R,E,R,M,S,T,V,A,V,V,G,E,L,E,H,Y,R,D,D,S,H,L,A,T,V,L,C,A,A,M,S,S,A,A,T,V,G,G,P,A,G,L,T,A,F,Q,G,D,N,R,W,E,E,L,A,L,P,G,D,R,D,A,A,K,L,T,S,Q,A,R,S,R,Q,L,M,D,D,R,P,L,P,G,K,T,A,G,E,R,G,A,A,P,N,N,K,A,E,R,I,V,V,I,Y,L,R,D,T,P,A,S,M,A,E,R,N,Q,Q,I,A,G,I,G,W,A,L,I,E,H,W,Q,R
SHV-219,M,R,Y,I,R,L,C,I,I,S,L,A,T,L,P,A,H,A,P,E,L,S,Q,L,R,I,E,L,A,G,T,W,R,E,R,M,S,T,V,A,V,V,G,E,L,E,H,Y,R,D,D,S,H,L,A,T,V,L,C,A,A,M,S,S,A,A,T,V,G,G,P,A,G,L,T,A,F,Q,G,D,N,R,W,E,E,L,A,L,P,G,D,R,D,A,A,K,L,T,S,Q,A,R,S,R,Q,L,M,D,D,R,P,L,P,G,K,T,A,G,E,R,G,A,A,P,N,N,K,A,E,R,I,V,V,I,Y,L,R,D,T,P,A,S,M,A,E,R,N,Q,Q,I,A,R,I,G,A,A,L,I,E,H,W,Q,R
SHV-199,M,R,Y,I,R,L,C,I,I,S,L,A,T,L,P,A,H,A,P,E,L,S,Q,L,R,I,E,L,A,G,T,W,R,E,R,M,S,T,V,A,V,V,G,E,L,E,H,Y,R,D,D,S,H,L,A,T,V,L,C,A,A,M,S,S,A,A,T,V,G,G,P,A,G,L,T,A,F,Q,G,D,N,R,W,E,E,L,A,L,P,G,D,R,D,A,A,K,L,T,S,Q,A,R,S,R,Q,L,M,D,D,R,S,L,P,G,K,T,A,G,E,R,G,A,A,P,N,N,K,A,E,R,I,V,V,I,Y,L,R,D,T,P,A,S,M,A,E,R,N,Q,Q,I,A,G,I,G,A,A,L,I,E,H,W,Q,R
SHV-227,M,R,Y,I,R,L,C,I,I,S,L,A,T,L,P,A,H,A,P,E,L,S,Q,L,R,I,E,L,A,G,T,W,R,E,R,M,S,T,V,A,V,V,G,E,L,E,H,Y,R,D,D,S,H,L,A,T,V,L,C,A,A,M,S,S,A,A,T,V,G,G,P,A,G,L,T,A,F,Q,G,D,N,R,W,E,E,L,A,L,P,G,D,R,D,A,V,K,L,T,S,Q,A,R,S,R,Q,L,M,D,D,R,P,L,P,G,K,T,A,G,E,R,G,A,A,P,N,N,K,A,E,R,I,V,V,I,Y,L,R,D,T,P,A,S,M,A,E,R,N,Q,Q,I,A,G,I,G,A,A,L,I,E,H,W,Q,R
SHV-223,M,R,Y,I,R,L,C,I,I,S,L,A,T,L,P,A,H,A,P,E,L,S,Q,L,R,I,E,L,A,G,T,W,R,E,R,M,S,T,V,A,V,V,G,E,L,E,H,Y,R,D,D,S,H,L,A,T,V,L,C,A,A,M,S,S,A,A,T,V,G,G,P,A,G,L,T,A,F,Q,S,D,N,R,W,E,E,L,A,L,P,G,D,R,D,A,A,K,L,T,S,Q,A,R,S,R,Q,L,M,D,D,R,P,L,P,G,K,T,A,G,E,R,G,A,A,P,N,N,K,A,E,R,I,V,V,I,Y,L,R,D,T,P,A,S,M,A,E,R,N,Q,Q,I,A,G,I,G,A,A,L,I,E,H,W,Q,R
SHV-214,M,R,Y,I,R,L,C,I,I,S,L,A,T,L,P,A,H,A,P,E,L,S,Q,L,R,I,E,L,A,G,T,W,R,E,R,M,S,T,V,A,V,V,G,E,L,E,H,Y,R,D,D,S,H,L,A,T,V,L,C,V,A,M,S,S,A,A,T,V,G,G,P,A,G,L,T,A,F,Q,G,D,N,R,W,E,E,L,A,L,P,G,D,R,D,A,A,K,L,T,S,Q,A,R,S,R,Q,L,M,D,D,R,P,L,P,G,K,T,A,G,E,R,G,A,A,P,N,N,K,A,E,R,I,V,V,I,Y,L,R,D,T,P,A,S,M,A,E,R,N,Q,Q,I,A,G,I,G,A,A,L,I,E,H,W,Q,R
SHV-207,M,R,Y,I,R,L,C,I,I,S,L,A,T,L,P,A,H,A,P,E,L,S,Q,L,R,I,E,L,A,G,T,W,R,E,R,M,S,T,V,A,V,V,G,E,L,E,H,Y,R,H,D,S,H,L,A,T,V,L,C,A,A,M,S,S,A,A,T,V,G,G,P,A,G,L,T,A,F,Q,G,D,N,R,W,E,E,L,A,L,P,G,D,R,D,A,A,K,L,T,S,Q,A,R,S,R,Q,L,M,D,D,R,P,L,P,G,K,T,A,G,E,R,G,A,A,P,N,N,K,A,E,R,I,V,V,I,Y,L,R,D,T,P,A,S,M,A,E,R,N,Q,Q,I,A,G,I,G,A,A,L,I,E,H,W,Q,R
SHV-1b-b,M,R,Y,I,R,L,C,I,I,S,L,A,T,L,P,A,H,A,P,E,L,S,Q,L,R,I,E,L,T,G,T,W,R,E,R,M,S,T,V,A,V,V,G,E,L,E,H,Y,R,D,D,S,H,L,A,T,V,L,C,A,A,M,S,S,A,A,T,V,G,G,P,A,G,L,T,A,F,Q,G,D,N,R,W,E,E,L,A,L,P,G,D,R,D,A,A,K,L,T,S,Q,A,R,S,R,Q,L,M,D,D,R,P,L,P,G,K,T,A,G,E,R,G,A,A,P,N,N,K,A,E,R,I,V,V,I,Y,L,R,D,T,P,A,S,M,A,E,R,N,Q,Q,I,A,G,I,G,A,A,L,I,E,H,W,Q,R
SHV-218,M,R,Y,I,R,L,C,I,I,S,L,A,T,L,P,A,H,A,P,E,L,S,Q,L,R,I,E,P,A,G,T,W,R,E,R,M,S,T,V,A,V,V,G,E,L,E,H,Y,R,D,D,S,H,L,A,T,V,L,C,A,A,M,S,S,A,A,T,F,G,G,P,A,G,L,T,A,F,Q,G,D,N,R,W,E,E,L,A,L,P,G,D,R,D,A,A,K,L,T,S,Q,A,R,S,R,Q,L,M,D,D,R,P,L,P,G,K,T,A,G,E,R,G,A,A,P,N,N,K,A,E,R,I,V,V,I,Y,L,R,D,T,P,A,S,M,A,E,R,N,Q,Q,I,A,G,I,G,A,A,L,I,E,H,W,Q,R
SHV-193,M,R,Y,I,R,L,C,I,I,S,L,A,T,L,P,A,H,A,P,E,Q,S,Q,L,R,I,E,L,A,G,T,W,R,E,L,M,S,T,V,A,V,V,G,E,L,E,H,Y,R,D,D,S,H,L,A,T,V,L,C,A,A,M,S,S,A,A,T,V,G,G,P,A,G,L,T,A,F,Q,G,D,N,R,W,E,E,L,A,L,P,G,D,R,D,A,A,K,L,T,S,Q,A,R,S,R,Q,L,M,D,D,R,P,L,P,G,K,T,A,G,E,R,G,A,A,P,N,N,K,A,E,R,I,V,V,I,Y,L,R,D,T,P,A,S,M,A,E,R,N,Q,Q,I,A,G,I,G,A,A,L,I,E,H,W,Q,R
SHV-224,M,R,Y,I,R,L,C,I,I,S,L,A,T,L,P,A,H,A,P,E,Q,S,Q,L,R,I,E,L,A,G,T,W,R,E,R,M,S,T,V,A,A,V,G,E,L,E,H,Y,R,D,D,S,H,L,A,T,V,L,C,A,A,M,S,S,A,A,T,V,G,G,P,A,G,L,T,A,F,Q,G,D,N,R,W,E,E,L,A,L,P,G,D,R,D,A,A,K,L,T,S,Q,A,R,S,R,Q,L,M,D,D,R,P,L,P,G,K,T,A,G,E,R,G,A,A,P,N,N,K,A,E,R,I,V,V,I,Y,L,R,D,T,P,A,S,M,A,E,R,N,Q,Q,I,A,G,I,G,A,A,L,I,E,H,W,Q,R
SHV-225,M,R,Y,I,R,L,C,I,I,S,L,A,T,L,P,A,H,A,P,E,Q,S,Q,L,R,I,E,L,A,G,T,W,R,E,R,M,S,T,V,A,V,V,G,E,L,E,H,Y,R,D,D,S,H,L,A,S,V,L,C,A,A,M,S,S,A,A,T,V,G,G,P,A,G,L,T,A,F,Q,G,D,N,R,W,E,E,L,A,L,P,G,D,R,D,A,A,K,L,T,S,Q,A,R,S,R,Q,L,M,D,D,R,P,L,P,G,K,T,A,G,E,R,G,A,A,P,N,N,K,A,E,R,I,V,V,I,Y,L,R,D,T,P,A,S,M,A,E,R,N,Q,Q,I,A,G,I,G,A,A,L,I,E,H,W,Q,R
SHV-209,M,R,Y,I,R,L,C,I,I,S,L,A,T,L,P,A,H,A,P,E,Q,S,Q,L,R,I,E,L,A,G,T,W,R,E,R,M,S,T,V,A,V,V,G,E,L,E,H,Y,R,D,D,S,H,L,A,T,V,L,C,A,A,M,S,S,A,A,T,V,D,G,P,A,G,L,T,A,F,Q,G,D,N,R,W,E,E,L,A,L,P,G,D,R,D,A,A,K,L,T,S,Q,A,R,S,R,Q,L,M,D,D,R,P,L,P,G,K,T,A,G,E,R,G,A,A,P,N,N,K,A,E,R,I,V,V,I,Y,L,R,D,T,P,A,S,M,A,E,R,N,Q,Q,I,A,G,I,G,A,A,L,I,E,H,W,Q,R
SHV-215,M,R,Y,I,R,L,C,I,I,S,L,A,T,L,P,A,H,A,P,E,Q,S,Q,L,R,I,E,L,A,G,T,W,R,E,R,M,S,T,V,A,V,V,G,E,L,E,H,Y,R,D,D,S,H,L,A,T,V,L,C,A,A,M,S,S,A,A,T,V,G,G,P,A,G,L,T,A,F,Q,G,D,N,R,W,E,E,L,A,L,P,G,D,R,D,A,A,K,L,T,S,Q,A,H,S,R,Q,L,M,D,D,R,P,L,P,G,K,T,A,G,E,R,G,A,A,P,N,N,K,A,E,R,I,V,V,I,Y,L,R,D,T,P,A,S,M,A,E,R,N,Q,Q,I,A,G,I,G,A,A,L,I,E,H,W,Q,R
SHV-228,M,R,Y,I,R,L,C,I,I,S,L,A,T,L,P,A,H,A,P,E,Q,S,Q,L,R,I,E,L,A,G,T,W,R,E,R,M,S,T,V,A,V,V,G,E,L,E,H,Y,R,D,D,S,H,L,A,T,V,L,C,A,A,M,S,S,A,A,T,V,G,G,P,A,G,L,T,A,F,Q,G,D,N,R,W,E,E,L,A,L,P,G,D,R,D,A,A,K,L,T,S,Q,A,R,S,R,Q,L,M,D,D,R,P,L,P,G,K,T,A,G,E,R,G,A,A,P,N,N,K,A,E,R,I,V,V,I,Y,L,R,D,T,P,A,I,M,A,E,R,N,Q,Q,I,A,G,I,G,A,A,L,I,E,H,W,Q,R
SHV-200,M,R,Y,I,R,L,C,I,I,S,L,A,T,L,P,A,H,A,P,E,Q,S,Q,L,R,I,E,L,A,G,T,W,R,E,R,M,S,T,V,A,V,V,G,E,L,E,H,Y,R,D,D,S,H,L,A,T,V,L,C,A,A,M,S,S,A,A,T,V,G,G,P,A,G,L,T,A,F,Q,G,D,N,R,W,E,E,L,A,L,P,G,D,R,D,A,A,K,L,T,S,Q,A,R,S,R,Q,L,M,D,D,R,P,L,P,G,K,T,A,S,K,R,G,A,D,P,N,N,K,A,E,R,I,V,V,I,Y,L,R,D,T,P,A,S,M,A,E,R,N,Q,Q,I,A,G,I,G,A,A,L,I,E,H,W,Q,R
SHV-203,M,R,Y,I,R,L,C,I,I,S,L,A,T,L,P,A,H,A,P,E,Q,S,Q,L,R,I,E,L,A,G,T,W,R,E,R,V,S,T,V,A,V,V,G,E,L,E,H,Y,R,D,D,S,H,L,V,T,V,L,C,A,A,M,S,S,A,A,T,V,G,G,P,A,G,L,T,A,F,Q,G,D,N,R,W,E,E,L,A,L,P,G,D,R,D,A,A,K,L,T,S,Q,A,R,S,R,Q,L,M,D,D,R,P,L,P,G,K,T,A,G,E,R,G,A,A,P,N,N,K,A,E,R,I,V,V,I,Y,L,R,D,T,P,A,S,M,A,E,R,N,Q,Q,I,A,G,I,G,A,A,L,I,E,H,W,Q,R
SHV-217,M,R,Y,I,R,L,C,I,I,S,L,A,T,L,S,A,H,A,P,E,L,S,Q,L,R,I,E,L,A,G,T,W,R,E,R,M,S,T,V,A,V,V,G,E,L,E,H,Y,R,D,D,S,H,L,A,T,V,L,C,A,A,M,S,S,A,A,T,V,G,G,P,A,G,L,T,A,F,Q,G,D,N,R,W,E,E,L,A,L,P,G,D,R,D,A,A,K,L,T,S,Q,A,R,S,R,Q,L,M,D,D,R,P,L,P,G,K,T,A,G,E,R,G,A,A,P,N,N,K,A,E,R,I,V,V,I,Y,L,R,D,T,P,A,S,M,A,E,R,N,Q,Q,I,A,G,I,G,A,A,L,I,E,H,W,Q,R
SHV-213,M,R,Y,I,R,L,C,I,I,S,L,P,T,L,P,A,H,A,P,E,Q,S,Q,L,R,I,E,L,A,G,T,W,R,E,R,M,S,T,V,A,V,V,G,E,L,E,H,Y,R,D,D,S,H,L,A,T,V,L,C,A,A,M,S,S,A,A,T,V,G,G,P,A,G,L,T,A,F,Q,G,D,N,R,W,E,E,L,A,L,P,G,D,R,D,A,A,K,L,T,S,Q,A,R,S,R,Q,L,M,D,D,R,P,L,P,G,K,T,A,G,E,R,G,A,A,P,N,N,K,A,E,R,I,V,V,I,Y,L,R,D,T,P,A,S,M,A,E,R,N,Q,Q,I,A,G,I,G,A,A,L,I,E,H,W,Q,R
SHV-221,M,R,Y,I,R,L,S,I,I,S,L,A,T,L,P,A,H,A,P,E,L,S,Q,L,R,I,G,L,A,G,T,W,R,E,R,M,S,T,V,A,V,V,G,E,L,E,H,Y,R,D,D,S,H,L,A,T,V,L,C,A,A,M,S,S,A,A,T,V,G,G,P,A,G,L,T,A,F,Q,G,D,N,R,W,E,E,L,A,L,P,G,D,R,D,A,A,K,L,T,S,Q,A,R,S,R,Q,L,M,D,D,R,P,L,P,G,K,T,A,G,E,R,G,A,A,P,N,N,K,A,E,R,I,V,V,I,Y,L,R,D,T,P,A,S,M,A,E,R,N,Q,Q,I,A,G,I,G,A,A,L,I,E,H,W,Q,R
SHV-202,K,R,Y,I,R,L,C,I,I,S,L,A,T,L,P,A,H,A,P,E,L,S,Q,L,R,I,E,L,A,G,T,W,R,E,R,M,S,T,V,A,V,V,G,E,R,E,H,Y,R,D,D,S,H,L,A,T,V,L,C,A,A,M,S,S,A,A,T,V,G,G,P,A,G,L,T,A,F,Q,G,D,N,R,W,E,E,L,A,L,P,G,D,R,D,A,A,K,L,T,S,Q,A,R,S,R,Q,L,M,D,D,R,P,L,P,G,K,T,A,G,E,R,G,A,A,P,N,N,K,A,E,R,I,V,V,I,Y,L,R,D,T,P,A,S,M,A,E,R,N,Q,Q,I,A,G,I,G,A,A,L,I,E,H,W,Q,R
SHV-115,M,R,Y,I,R,L,C,I,I,S,L,A,T,L,P,A,H,A,P,E,L,S,Q,L,R,I,E,L,A,G,T,W,H,E,R,M,S,T,V,A,V,V,G,E,L,E,H,Y,R,D,D,S,H,L,A,T,V,L,C,A,A,M,S,S,A,A,T,V,G,G,P,A,G,L,T,A,F,Q,G,D,N,R,W,E,E,L,A,L,P,G,D,R,D,A,A,K,L,T,S,Q,A,R,S,R,Q,L,M,D,D,R,P,L,P,G,K,T,A,G,K,R,G,A,A,P,N,N,K,A,E,R,I,V,V,I,Y,L,R,D,T,P,A,S,M,A,K,R,N,Q,Q,I,A,G,I,G,A,A,L,I,E,H,W,Q,R
SHV-116,M,R,Y,I,R,L,C,I,I,S,L,A,T,L,P,A,H,A,P,E,L,S,Q,L,R,I,E,L,A,G,T,W,H,E,R,M,S,T,V,A,V,V,G,E,L,E,H,Y,R,D,D,S,H,L,A,T,V,L,C,A,A,M,S,S,A,A,T,V,G,G,P,A,G,L,T,A,F,Q,G,D,N,R,W,E,E,L,A,L,P,G,D,R,D,A,A,K,L,T,S,Q,A,R,S,R,Q,L,M,D,D,R,P,L,P,G,K,T,A,G,E,R,G,A,A,P,N,N,K,A,E,R,I,V,V,I,Y,L,R,D,T,P,A,S,M,A,E,R,N,Q,Q,I,A,G,I,G,A,A,L,I,E,H,W,Q,R
SHV-132,M,R,Y,I,R,L,C,I,I,S,L,A,T,L,P,A,H,A,P,E,L,S,Q,L,R,I,E,L,A,G,T,W,R,E,R,L,S,T,V,A,V,V,G,E,L,E,H,Y,R,D,D,S,H,L,A,T,V,L,C,A,A,M,S,S,A,A,T,V,G,G,P,A,G,L,T,A,F,Q,G,D,N,R,W,E,E,L,A,L,P,G,D,R,D,A,A,K,L,T,S,Q,A,R,S,R,Q,L,M,D,D,R,P,L,P,G,K,T,A,G,E,R,G,A,A,P,N,N,K,A,E,R,I,V,V,I,Y,L,R,D,T,P,A,S,M,A,E,R,N,Q,Q,I,A,G,I,G,A,A,L,I,E,H,W,Q,R
SHV-146,M,R,Y,I,R,L,C,I,I,S,L,A,T,L,P,A,H,A,P,E,L,S,Q,L,R,I,E,L,A,G,T,W,R,E,R,M,S,T,V,A,V,V,G,E,L,E,H,Y,R,D,D,S,H,L,A,T,V,L,C,A,A,M,S,S,A,A,T,V,G,G,P,A,G,L,T,A,F,Q,G,D,N,R,W,E,E,L,A,L,P,G,D,R,D,A,A,K,L,T,S,Q,A,R,S,R,Q,L,M,D,D,R,P,L,P,G,K,T,A,G,K,R,G,A,A,P,N,N,K,A,E,R,I,V,V,I,Y,L,R,D,T,P,A,S,M,A,K,R,N,Q,Q,I,A,G,I,G,A,A,L,I,E,H,W,Q,R
SHV-171,M,R,F,I,R,L,C,I,I,F,L,A,T,L,P,A,H,A,P,E,L,S,Q,L,R,I,E,L,A,G,T,W,R,E,R,M,S,T,V,A,V,V,G,E,L,E,H,Y,R,D,D,S,H,L,A,T,V,L,C,A,A,M,S,S,A,A,T,V,G,G,P,A,G,L,T,A,F,Q,G,D,N,R,W,E,E,L,A,L,P,G,D,R,D,A,A,K,L,T,S,Q,A,R,S,R,Q,L,M,D,D,R,P,L,P,G,K,T,A,G,E,R,G,A,A,P,N,N,K,A,E,R,I,V,V,I,Y,L,R,D,T,P,A,S,M,A,E,R,N,Q,Q,I,A,G,I,G,A,A,L,I,E,H,W,Q,R
SHV-190,M,R,Y,I,R,L,C,I,I,S,L,A,T,L,P,A,H,A,P,E,Q,S,Q,L,R,I,E,L,A,G,T,W,R,E,R,M,S,T,V,A,V,V,G,E,L,E,H,Y,R,D,D,S,H,L,A,T,V,L,C,A,A,M,S,S,A,A,T,V,G,G,P,A,G,L,T,A,F,Q,G,D,N,R,W,E,E,L,A,L,P,G,D,R,D,A,A,K,L,T,S,Q,A,R,S,R,Q,L,M,D,D,R,P,L,P,G,K,T,A,G,E,R,G,A,A,P,N,N,K,A,E,R,I,V,V,I,Y,L,R,D,T,P,A,S,M,A,E,R,N,Q,Q,I,A,G,I,G,A,A,L,L,E,H,W,Q,R
SHV-191,M,R,Y,I,R,L,C,I,I,S,L,A,T,L,P,A,H,A,P,E,L,S,Q,L,R,I,E,L,V,G,T,W,R,E,R,M,S,T,V,A,V,V,G,E,L,E,H,Y,R,D,D,S,H,L,A,T,V,L,C,A,A,M,S,S,A,A,T,V,G,G,P,A,G,L,T,A,F,Q,D,D,N,R,W,E,E,L,A,L,P,G,D,R,D,A,A,K,L,T,S,Q,A,R,S,R,Q,L,M,D,D,R,P,L,P,G,K,T,A,G,E,R,G,A,A,P,N,N,K,A,E,R,I,V,V,I,Y,L,R,D,T,P,A,S,M,A,E,R,N,Q,Q,I,A,G,I,G,A,A,L,I,E,H,W,Q,R
SHV-229,M,R,Y,I,R,L,C,I,I,S,L,A,T,L,P,A,H,A,P,E,Q,S,Q,L,R,I,E,L,A,G,T,W,R,E,R,M,S,T,V,A,V,V,G,E,L,K,H,Y,R,D,D,S,H,L,A,T,V,L,C,A,A,M,S,S,A,A,T,V,G,G,P,A,G,L,T,A,F,Q,G,D,N,R,W,E,E,L,A,L,P,G,D,R,D,A,A,K,L,T,S,Q,A,R,S,R,Q,L,M,D,D,R,P,L,P,G,K,T,A,G,E,R,G,A,A,P,N,N,K,A,E,R,I,V,V,I,Y,L,R,D,T,P,A,S,M,A,E,R,N,Q,Q,I,A,G,I,G,A,A,L,I,E,H,W,Q,R
SHV-230,M,R,Y,I,R,L,C,I,I,S,L,A,T,L,P,P,H,A,P,E,Q,S,Q,L,R,I,E,L,A,G,T,W,R,E,R,M,S,T,V,A,V,V,G,E,L,E,H,Y,R,D,D,S,H,L,A,T,V,L,C,A,A,M,S,S,A,A,T,V,G,G,P,A,G,L,T,A,F,Q,G,D,N,R,W,E,E,L,A,L,P,G,D,R,D,A,A,K,L,T,S,Q,A,R,S,R,Q,L,M,D,D,R,P,L,P,G,K,T,A,S,K,R,G,A,A,P,N,N,K,A,E,R,I,V,V,I,Y,L,R,D,T,P,A,S,M,A,E,R,N,Q,Q,I,A,G,I,G,A,A,L,I,E,H,W,Q,R
SHV-231,M,R,Y,I,R,L,C,I,I,S,L,A,T,L,P,A,H,A,P,E,L,S,Q,L,R,I,E,L,A,G,T,W,R,E,R,M,S,T,V,A,V,V,G,E,L,E,H,Y,R,D,D,S,H,L,A,T,V,L,C,A,A,M,S,S,A,A,T,V,G,G,P,A,G,L,T,A,F,Q,G,D,N,R,W,E,E,L,A,L,P,G,D,R,D,A,A,K,L,T,S,Q,A,R,S,R,Q,L,M,D,D,R,P,L,P,G,R,T,G,S,K,R,G,A,A,P,N,N,K,A,E,R,I,V,V,I,Y,L,R,D,T,P,A,S,M,A,E,R,N,Q,Q,I,A,G,I,G,A,A,L,I,E,H,W,Q,R
SHV-232,M,R,Y,I,R,L,C,I,I,S,L,A,T,L,P,A,H,A,P,E,Q,S,Q,L,R,I,E,L,A,G,T,W,R,E,R,M,S,T,V,A,V,V,G,E,L,E,H,Y,R,D,D,S,H,L,A,T,V,L,C,A,A,M,S,S,A,A,S,V,G,G,P,A,G,L,T,A,F,Q,G,D,N,R,W,E,E,L,A,L,P,G,D,R,D,A,A,K,L,T,S,Q,A,R,S,R,Q,L,M,D,D,R,P,L,P,G,K,T,A,G,E,R,G,A,A,P,N,N,K,A,E,R,I,V,V,I,Y,L,R,D,T,P,A,S,M,A,E,R,N,Q,Q,I,A,G,I,G,A,A,L,I,E,H,W,Q,R
SHV-233,M,R,Y,I,R,L,C,I,I,S,L,A,T,L,P,A,H,A,P,E,L,S,Q,L,R,I,E,L,A,G,T,W,R,E,R,M,S,T,V,A,V,V,G,E,L,E,H,Y,R,D,D,S,H,L,A,T,V,L,C,A,A,M,G,S,A,A,T,V,G,G,P,A,G,L,T,A,F,Q,G,D,N,R,W,E,E,L,A,L,P,G,D,R,D,A,A,K,L,T,S,Q,A,R,S,R,Q,L,M,D,D,R,P,L,P,G,K,T,A,S,E,R,G,A,A,P,N,N,K,A,E,R,I,V,V,I,Y,L,R,D,T,P,A,S,M,A,E,R,N,Q,Q,I,A,G,I,G,A,A,L,I,E,H,W,Q,R
SHV-234,M,R,Y,I,R,L,C,I,I,S,L,A,T,L,P,A,H,A,P,E,L,S,Q,L,R,I,E,L,A,G,T,W,R,E,R,L,S,T,V,A,V,V,G,E,L,E,H,Y,R,D,D,S,H,L,A,T,V,L,C,A,A,M,S,S,A,A,T,V,G,G,P,A,G,L,T,A,F,Q,D,D,N,R,W,E,E,L,A,L,P,G,D,R,D,A,A,K,L,T,S,Q,A,R,S,R,Q,L,M,D,D,R,P,L,P,G,K,T,A,G,E,R,G,A,A,P,N,N,K,A,E,R,I,V,V,I,Y,L,R,D,T,P,A,S,M,A,E,R,N,Q,Q,I,A,G,I,G,A,A,L,I,E,H,W,Q,R
SHV-235,M,R,Y,I,R,L,C,I,I,S,L,A,T,L,P,A,H,A,P,E,L,S,Q,L,R,I,E,L,A,G,T,W,R,E,R,M,S,T,V,A,V,V,G,E,L,E,H,Y,R,D,D,S,H,L,A,T,V,L,C,A,A,M,S,S,A,A,T,V,G,G,P,A,G,L,T,A,F,Q,G,D,N,R,W,E,E,L,A,L,P,A,D,R,D,A,A,K,L,T,S,Q,A,R,S,R,Q,L,M,D,D,R,P,L,P,G,K,T,A,G,E,R,G,A,A,P,N,N,K,A,E,R,I,V,V,I,Y,L,R,D,T,P,A,S,M,A,E,R,N,Q,Q,I,A,G,I,G,A,A,L,I,E,H,W,Q,R
SHV-236,M,R,Y,I,R,L,C,I,I,S,L,A,T,L,P,A,H,A,P,E,Q,S,Q,L,R,I,E,L,A,G,T,W,R,E,R,M,S,T,V,A,V,V,G,E,L,E,H,Y,R,D,D,S,H,L,A,T,V,L,C,A,A,M,S,S,A,A,T,V,G,G,P,A,G,L,T,A,F,Q,G,D,N,R,W,E,E,L,A,L,P,G,D,H,D,A,A,K,L,T,S,Q,A,R,S,R,Q,L,M,D,D,R,P,L,P,G,K,T,A,G,E,R,G,A,A,P,N,N,K,A,E,R,I,V,V,I,Y,L,R,D,T,P,A,S,M,A,E,R,N,Q,Q,I,A,G,I,G,A,A,L,I,E,H,W,Q,R
SHV-237,M,R,Y,I,R,L,C,I,I,S,L,A,T,L,P,A,H,A,P,E,L,S,Q,L,R,I,E,L,A,G,T,W,R,E,R,M,S,T,V,A,V,V,G,E,L,E,H,Y,R,D,D,S,H,L,A,T,V,L,C,A,A,M,S,S,A,A,T,V,G,G,P,V,G,L,T,A,F,Q,G,D,N,R,W,E,E,L,A,L,P,G,E,R,D,A,A,K,L,T,S,Q,A,R,S,R,Q,L,M,D,D,R,P,L,P,G,K,T,A,G,E,R,G,A,A,P,N,N,K,A,E,R,I,V,V,I,Y,L,R,D,T,P,A,S,M,A,E,R,N,Q,Q,I,A,G,I,G,A,A,L,I,E,H,W,Q,R
SHV-238,M,R,Y,I,R,L,C,I,I,S,L,A,T,L,P,A,H,A,P,E,Q,S,Q,L,R,I,E,L,A,G,T,W,R,E,R,M,S,T,V,A,V,V,G,E,L,E,H,Y,R,D,D,S,H,L,A,T,V,L,C,A,A,M,S,S,A,A,T,V,G,G,P,A,G,L,T,A,F,Q,G,D,N,R,W,E,E,L,A,L,P,G,D,R,D,A,A,K,L,T,S,Q,A,R,S,R,Q,L,M,D,D,R,P,L,P,G,R,T,A,S,K,R,G,A,A,P,N,N,K,A,E,R,I,V,V,I,Y,L,R,D,T,P,A,S,M,A,E,R,N,Q,Q,I,A,G,I,G,A,A,L,I,E,H,W,Q,R
SHV-239,M,R,Y,I,R,L,C,I,I,S,L,A,T,L,P,A,H,A,P,E,L,S,Q,L,R,I,E,L,A,G,T,W,R,E,R,I,S,T,V,A,V,V,G,E,L,E,H,Y,R,D,D,S,H,L,A,T,V,L,C,A,A,M,S,S,A,A,T,V,G,G,P,A,G,L,T,A,F,Q,D,D,N,R,W,E,E,L,A,L,P,G,D,R,D,A,A,K,L,T,S,Q,A,R,S,R,Q,L,M,D,D,R,P,L,P,G,K,T,A,G,E,R,G,A,A,P,N,N,K,A,E,R,I,V,V,I,Y,L,R,D,T,P,A,S,M,A,E,R,N,Q,Q,I,A,G,I,G,A,A,L,I,E,H,W,Q,R
SHV-240,M,R,Y,I,R,L,C,I,I,S,L,A,T,L,P,A,H,A,P,E,Q,S,Q,L,R,I,E,L,A,G,T,W,R,E,R,I,S,T,V,A,V,V,G,E,L,E,H,Y,R,D,D,S,H,L,A,T,V,L,C,A,A,M,S,S,A,A,T,V,G,G,P,A,G,L,T,A,F,Q,G,D,N,R,W,E,E,L,A,L,P,G,D,R,D,A,A,K,L,T,S,Q,A,R,S,R,Q,L,M,D,D,R,P,L,P,G,K,T,A,G,E,R,G,A,A,P,N,N,K,A,E,R,I,V,V,I,Y,L,R,D,T,P,A,S,M,A,E,R,N,Q,Q,I,A,G,I,G,A,A,L,I,E,H,W,Q,R
SHV-241,M,R,Y,I,R,L,C,I,I,S,L,A,T,L,P,A,H,A,P,E,L,S,Q,L,R,I,E,L,A,G,T,W,R,E,R,I,S,T,V,A,V,V,G,E,L,E,H,Y,R,D,D,S,H,L,A,T,V,L,C,A,A,M,S,S,A,A,T,V,G,G,P,A,G,L,T,A,F,Q,G,D,N,R,W,E,E,L,A,L,P,G,D,R,D,A,A,K,L,T,S,Q,A,R,S,R,Q,L,M,D,D,R,P,L,P,G,K,T,A,G,E,Q,G,A,A,P,N,N,K,A,E,R,I,V,V,I,Y,L,R,D,T,P,A,S,M,A,E,R,N,Q,Q,I,A,G,I,G,A,A,L,I,E,H,W,Q,R
SHV-242,M,R,Y,I,R,L,C,I,I,S,L,A,T,L,P,A,H,A,P,E,L,S,Q,L,R,I,E,L,A,G,T,W,R,E,R,M,S,T,V,A,V,V,G,E,L,E,H,Y,R,D,D,S,H,L,A,T,V,L,C,A,A,M,R,S,A,A,T,V,G,G,P,A,G,L,T,A,F,Q,D,D,N,R,W,E,E,L,A,L,P,G,D,R,D,A,A,K,L,T,S,Q,A,R,S,R,Q,L,M,D,D,R,P,L,P,G,K,T,A,G,E,R,G,A,A,P,N,N,K,A,E,R,I,V,V,I,Y,L,R,D,T,P,A,S,M,A,E,R,N,Q,Q,I,A,G,I,G,A,A,L,I,E,H,W,Q,R
SHV-243,M,R,Y,I,R,L,C,I,I,S,L,A,T,L,P,A,H,A,P,E,L,S,Q,L,R,I,E,L,A,G,T,W,R,E,R,M,S,T,V,A,V,V,G,E,L,E,H,Y,R,D,D,S,H,L,A,T,V,L,C,A,A,M,S,S,A,A,T,V,G,G,P,A,G,L,T,A,F,Q,G,D,N,R,R,E,E,L,A,L,P,G,D,R,D,A,A,K,L,T,S,Q,A,R,S,R,Q,M,M,D,D,R,P,L,P,G,K,T,A,G,E,R,G,A,A,P,N,N,K,A,E,R,I,V,V,I,Y,L,R,D,T,P,A,S,M,A,E,R,N,Q,Q,I,A,G,I,G,A,A,L,I,E,H,W,Q,R
SHV-244,M,R,F,I,R,L,C,I,I,S,L,A,T,L,P,A,H,A,P,E,Q,S,Q,L,R,I,E,L,A,G,T,W,R,E,R,M,S,T,V,A,V,V,G,E,L,E,H,Y,R,D,D,S,H,L,A,T,V,L,C,A,A,M,S,S,A,A,T,V,G,G,P,A,G,L,T,A,F,Q,G,D,N,R,W,E,E,L,A,L,P,G,D,R,D,A,A,K,L,T,S,Q,A,R,S,R,Q,L,M,D,D,R,P,L,P,G,K,T,A,S,K,R,G,A,A,P,N,N,K,A,E,R,I,V,V,I,Y,L,R,D,T,P,A,S,M,A,E,R,N,Q,Q,I,A,G,I,G,A,A,L,I,E,H,W,Q,R
SHV-245,M,R,Y,I,R,L,C,I,I,S,L,A,T,L,P,A,H,A,P,E,Q,S,Q,L,R,I,E,L,A,G,T,W,R,E,R,M,S,T,V,A,V,V,G,E,L,E,H,Y,R,D,D,S,H,L,A,T,V,L,C,A,A,M,S,S,A,A,T,V,G,G,P,A,G,L,T,A,F,Q,G,D,N,R,W,E,E,L,A,L,P,G,D,R,D,A,A,K,L,T,S,Q,A,R,S,R,Q,L,M,D,D,R,P,L,P,G,R,T,A,S,K,R,G,A,A,P,N,N,K,A,E,R,I,V,V,I,Y,L,R,D,T,P,A,S,M,A,E,L,D,Q,Q,I,A,G,I,G,A,A,L,I,E,H,W,Q,R
